record_id,full_name,email,phone,address,bank_name,card_number,expiry_date,cvv,account_status,breach_source
62687f0a-7176-4d00-a99f-23b844fae163,Mary Harris,mary.harris837@example.com,+16496167514,269 Main Street,Unity Finance,4111919231191426,05/26,557,Expired,Malware Attack
89422f2b-9f82-499a-bce3-18ec93dc794a,Jennifer Smith,jennifer.smith677@example.com,+10000978941,291 Main Street,Global Trust Bank,3400834255327311,03/26,559,Active,SQL Injection
86cf318b-ea4f-4c90-bbc3-74690dd550f6,Elizabeth Brown,elizabeth.brown239@example.com,+12454372607,272 Main Street,Metro Capital Bank,4111882628826329,07/29,199,Expired,Insider Leak
e4b4a831-20ed-4614-bac8-a1368bbcad33,Michael Jackson,michael.jackson285@example.com,+18472901423,718 Main Street,Prime National Bank,3400205883124201,01/28,512,Blocked,SQL Injection
e88b707c-5111-4483-b5e9-d34e15a863ac,Linda Jackson,linda.jackson800@example.com,+13288624898,727 Main Street,Metro Capital Bank,3000111160019969,11/27,468,Expired,Malware Attack
5b9fdfda-3c79-400b-b00f-2b60bf6b9342,Linda Harris,linda.harris904@example.com,+14193339253,865 Main Street,Global Trust Bank,3400407746262363,07/26,787,Expired,Malware Attack
455a7e22-43eb-456c-8284-f820e14434ac,Michael Anderson,michael.anderson700@example.com,+13708366678,900 Main Street,Metro Capital Bank,3400241223612068,01/29,465,Active,Insider Leak
402e1f51-aaeb-4ad4-b515-95f56115a82b,William Harris,william.harris900@example.com,+13358970187,171 Main Street,Unity Finance,5500086639908998,05/29,997,Blocked,Phishing
37355d62-960c-4d71-8d83-32dbb2676f46,John Johnson,john.johnson257@example.com,+11282180284,624 Main Street,Unity Finance,3400478844766776,07/26,492,Active,Malware Attack
c78f614a-ebbe-44df-8a67-b32ef7964f06,Linda Anderson,linda.anderson127@example.com,+14773870531,962 Main Street,Metro Capital Bank,4111164052987304,04/29,625,Active,SQL Injection
e623f4fc-18d1-4511-a721-488697b40119,Linda Johnson,linda.johnson683@example.com,+13355216346,946 Main Street,Prime National Bank,3400208518957872,01/29,192,Active,Phishing
0e27ab06-aab3-426a-9136-a43a3fb511e9,Linda White,linda.white370@example.com,+16847188251,284 Main Street,Prime National Bank,3400698919348529,04/30,280,Active,Phishing
9f4be4e3-f363-4234-80f2-385395a52ead,James Mwangi,james.mwangi541@example.com,+13293271154,158 Main Street,Unity Finance,5500227112263672,03/26,490,Active,Insider Leak
c4c610e0-3327-4bc7-affd-93e08c6822d7,Robert Mwangi,robert.mwangi291@example.com,+16056640508,579 Main Street,Unity Finance,3000200603586158,08/27,885,Blocked,Insider Leak
fdf1eaee-3d3e-4406-9092-2045bbb44c7d,Michael Brown,michael.brown956@example.com,+11834791546,718 Main Street,Prime National Bank,3400281870143099,12/27,106,Active,Phishing
6dac36b8-cc99-4523-834a-670ded1cf5c2,Linda Harris,linda.harris316@example.com,+19959719381,489 Main Street,Global Trust Bank,4111948996456322,12/29,105,Expired,Phishing
5e8ab8d6-b365-43f6-a034-3ae0bf056b5f,James Mwangi,james.mwangi116@example.com,+14864787402,670 Main Street,Metro Capital Bank,3000913789993546,07/27,619,Active,Insider Leak
de007b01-3f6f-4616-bb99-2af368bce482,James Jackson,james.jackson381@example.com,+10595308010,973 Main Street,Global Trust Bank,4111417252528910,11/26,505,Active,Malware Attack
90ef6fb8-6cde-4b42-9d6b-2c536304eb53,Patricia Mwangi,patricia.mwangi586@example.com,+17987086696,369 Main Street,Metro Capital Bank,4111159975071851,04/30,256,Expired,Phishing
605ccc9f-5e41-493a-a100-92ebbe7004a7,Michael Harris,michael.harris287@example.com,+10984384427,302 Main Street,Prime National Bank,4111195706609104,02/27,270,Blocked,Malware Attack
cf756abb-377e-477d-aa8d-9eca8a1c2a1a,Patricia Johnson,patricia.johnson105@example.com,+17321699494,488 Main Street,Unity Finance,4111141432614200,02/26,354,Expired,Insider Leak
011ba147-5c0f-4932-ba51-715bbe2f539f,Michael Jackson,michael.jackson940@example.com,+16036866383,967 Main Street,Prime National Bank,3000118490589548,07/30,839,Blocked,SQL Injection
f2bb976d-2bba-4087-bdfc-4ea52bd8653f,Michael Johnson,michael.johnson307@example.com,+13509809985,831 Main Street,Unity Finance,4111738480512327,06/30,606,Active,Phishing
80f2292f-9bd9-45be-8adc-11ddd811930b,Michael Anderson,michael.anderson398@example.com,+12703339261,586 Main Street,Unity Finance,3400395006566930,06/26,191,Expired,Malware Attack
6a61b5b7-c6b5-4a4c-8c38-6d988d26add3,James Johnson,james.johnson452@example.com,+19927427523,314 Main Street,Global Trust Bank,4111087683957631,06/26,722,Blocked,Insider Leak
ff61104d-a2dc-451c-80b0-e5e7619cb4f9,Robert Harris,robert.harris35@example.com,+12315129202,101 Main Street,Metro Capital Bank,3000301753451285,09/28,914,Expired,Insider Leak
dcee71c4-3161-4909-80df-d0ad433d8832,Linda Anderson,linda.anderson936@example.com,+11684817833,827 Main Street,Metro Capital Bank,5500896282674994,05/26,222,Blocked,Insider Leak
ba842ab6-32ad-4891-a5d7-d7380ab74e80,Mary Taylor,mary.taylor518@example.com,+18265847944,305 Main Street,Global Trust Bank,5500119295396998,12/27,867,Blocked,Insider Leak
99e42928-aad7-4896-a741-bd8376709f03,Robert White,robert.white13@example.com,+19090234880,496 Main Street,Metro Capital Bank,5500460425822971,02/28,312,Active,Insider Leak
ce47a8a3-7c46-45fc-a855-93a0a32bf06e,Patricia White,patricia.white516@example.com,+15961469695,707 Main Street,Unity Finance,3000746309941405,02/28,734,Active,Malware Attack
90f7daad-8fa0-4bc5-aca3-c8f313536fc9,Robert Thomas,robert.thomas690@example.com,+11296857494,738 Main Street,Global Trust Bank,3000473156123712,12/30,905,Blocked,SQL Injection
ef2a3719-15b5-4f36-b8fc-4bcead167956,Linda Brown,linda.brown306@example.com,+13608539482,283 Main Street,Metro Capital Bank,3400648409502926,09/30,737,Expired,SQL Injection
daea766b-82e3-4548-9460-4892e9274222,Linda Smith,linda.smith749@example.com,+19261720766,288 Main Street,Global Trust Bank,4111609521882567,02/27,585,Active,Insider Leak
b74627b3-c1da-4b01-8fbb-0712ca8c402b,Elizabeth Anderson,elizabeth.anderson759@example.com,+17300439628,861 Main Street,Metro Capital Bank,3000537133208664,09/29,571,Active,Phishing
106f5993-fabd-460e-ba71-09ddf4e501b1,James Anderson,james.anderson922@example.com,+11621956734,458 Main Street,Prime National Bank,3400325623383643,05/30,265,Blocked,Insider Leak
b4886105-b23d-4424-b36d-24b95c6b334c,John Smith,john.smith484@example.com,+19165075263,988 Main Street,Unity Finance,4111489932196020,03/28,772,Expired,Malware Attack
8d5fa13a-42c1-4e2e-a947-7a1b9d0286b4,Jennifer Jackson,jennifer.jackson747@example.com,+11423576894,175 Main Street,Prime National Bank,4111091238867241,10/29,771,Expired,Malware Attack
488e2258-c172-498a-9ecb-52c45c36eeab,Linda Johnson,linda.johnson606@example.com,+10991538468,226 Main Street,Unity Finance,4111869231503473,07/26,639,Expired,Insider Leak
5b4f27bf-8252-46ca-8aa9-44e69df2ada6,William Thomas,william.thomas489@example.com,+17208037992,360 Main Street,Global Trust Bank,4111237879606865,08/30,162,Expired,Phishing
7fd3a7ee-145a-46eb-9cdd-6670a4dab16b,Patricia Brown,patricia.brown175@example.com,+12599381193,174 Main Street,Prime National Bank,3000536075911162,06/28,322,Active,Malware Attack
75e09359-cd73-406a-8782-8b85a1c5c35c,John Johnson,john.johnson410@example.com,+13289214579,866 Main Street,Prime National Bank,5500005846724417,12/27,947,Expired,Phishing
d80b2687-685e-42ad-964b-2f0a93e5c9f0,Michael Taylor,michael.taylor793@example.com,+10128349537,643 Main Street,Global Trust Bank,3000173913783637,02/29,344,Blocked,Malware Attack
daaea20d-353b-4bf6-aa8e-ac1a5cc49a70,Patricia Thomas,patricia.thomas694@example.com,+19981785622,533 Main Street,Global Trust Bank,5500041224941269,06/28,827,Expired,Insider Leak
85bd6cbc-c9dd-4fcd-9a8e-6efc3c5f144e,Mary Taylor,mary.taylor356@example.com,+10595347331,402 Main Street,Metro Capital Bank,3000611368975646,02/30,146,Blocked,Malware Attack
fae0e39b-f89d-47a6-9eab-7ee8561b7cee,John Johnson,john.johnson752@example.com,+11744639117,158 Main Street,Unity Finance,3400080021203641,12/26,816,Expired,Phishing
fca45eee-cb85-4f4b-b6b5-0945b086fda6,Jennifer Mwangi,jennifer.mwangi346@example.com,+13790198636,164 Main Street,Metro Capital Bank,5500554406131806,08/28,382,Blocked,Phishing
65acae8b-9d9f-4f80-8fe2-81961551ad8e,John Taylor,john.taylor332@example.com,+10386023018,492 Main Street,Metro Capital Bank,4111405365884495,08/28,879,Expired,Malware Attack
b8fce270-d5c2-4710-828b-c5843547a30f,Michael Johnson,michael.johnson362@example.com,+19368657265,706 Main Street,Metro Capital Bank,5500156600058549,03/30,391,Expired,SQL Injection
5f2fc667-12b2-4e3d-b726-6699ed3957f0,Mary White,mary.white65@example.com,+18908070022,959 Main Street,Prime National Bank,4111373329707945,10/27,902,Blocked,Phishing
5065a203-877e-4fd6-84e5-ac63f4d3128d,John Brown,john.brown87@example.com,+16936700124,972 Main Street,Metro Capital Bank,3000003566397539,10/29,851,Active,SQL Injection
e5488b25-8681-490e-bc30-8e22f93b931c,Jennifer Jackson,jennifer.jackson130@example.com,+19142664593,245 Main Street,Global Trust Bank,4111592180030436,01/28,423,Blocked,SQL Injection
7f183239-4a39-4788-bcc6-c3810b36d9d5,Jennifer Smith,jennifer.smith306@example.com,+10219786012,551 Main Street,Prime National Bank,5500074843923279,12/27,356,Blocked,SQL Injection
796e1b47-7174-439c-997d-4cc757ad97bc,James Brown,james.brown56@example.com,+18631926029,228 Main Street,Global Trust Bank,5500157011069060,06/26,237,Blocked,Insider Leak
3d01dafd-af84-455a-b9ad-45b6ec125cd3,John White,john.white594@example.com,+18380279997,125 Main Street,Unity Finance,3400121317167337,07/27,645,Blocked,Insider Leak
985f56c4-9124-4f00-8ab8-a0a23f17c2a0,William Smith,william.smith813@example.com,+13358630968,628 Main Street,Unity Finance,4111237100726762,02/26,541,Blocked,Malware Attack
c44e5eae-f0f6-485d-9e28-bc6bb6c64896,William Mwangi,william.mwangi952@example.com,+12836288849,900 Main Street,Unity Finance,4111553329976226,08/26,117,Expired,Malware Attack
8e559643-fce6-41ec-9f92-66fbe84fabaf,Elizabeth Johnson,elizabeth.johnson106@example.com,+11136072467,998 Main Street,Prime National Bank,5500968158166998,11/28,849,Expired,Insider Leak
8e27d6ce-d3d6-413d-a9ef-f72725ca97b6,James White,james.white43@example.com,+18424264808,154 Main Street,Global Trust Bank,3400304290812527,10/27,873,Expired,Malware Attack
b30cc6ab-c21e-4043-bfe5-74093b4e0d5a,Jennifer Anderson,jennifer.anderson245@example.com,+16253402373,627 Main Street,Metro Capital Bank,3400416450939564,01/28,679,Blocked,Malware Attack
45e660ba-354d-49fd-b760-222484df7da7,Patricia Smith,patricia.smith561@example.com,+17591763400,213 Main Street,Global Trust Bank,4111773829121762,01/30,677,Active,Phishing
54e02bd8-fedf-4b9b-bdbb-eea464af7cc9,Robert Thomas,robert.thomas796@example.com,+17646457290,402 Main Street,Unity Finance,5500199932903444,05/28,423,Active,Insider Leak
b21fe278-aa6f-4326-b367-ae57a5c2836f,Elizabeth Harris,elizabeth.harris743@example.com,+19958165248,370 Main Street,Prime National Bank,3000668752418382,12/27,373,Active,Insider Leak
eebfe9f3-024f-4ac8-91db-1b54e6913367,John Johnson,john.johnson836@example.com,+12398405638,165 Main Street,Metro Capital Bank,3000893295716144,09/29,571,Active,Insider Leak
307632a9-ff6c-45bf-98c7-8c60172c6f35,Mary Brown,mary.brown166@example.com,+18076187958,558 Main Street,Global Trust Bank,3400000013051539,04/26,893,Expired,SQL Injection
0314104b-0f97-4a2c-a5d4-f9257c34e884,John Taylor,john.taylor689@example.com,+12137229989,779 Main Street,Unity Finance,3400088921912278,10/29,532,Expired,Malware Attack
28a8076c-d179-435a-a430-641f7b9c19fa,James Anderson,james.anderson968@example.com,+10679465256,996 Main Street,Unity Finance,3000765965270944,06/30,334,Active,SQL Injection
c52389a9-9baa-4b39-80d0-4ea482df12f3,Robert Jackson,robert.jackson339@example.com,+16338457704,925 Main Street,Prime National Bank,5500468105391432,07/26,430,Blocked,Malware Attack
949efe20-90da-4264-a10d-58b142a5999a,Michael White,michael.white367@example.com,+18467887380,130 Main Street,Global Trust Bank,5500631459194600,12/26,846,Expired,Malware Attack
8a480a73-8d8a-4015-ac68-8247d043d55b,Mary Smith,mary.smith217@example.com,+15929783372,617 Main Street,Metro Capital Bank,3400684908263402,02/30,435,Active,Malware Attack
ae8286e8-216b-4164-8750-12b4f1cc8312,Robert Jackson,robert.jackson491@example.com,+12563932410,915 Main Street,Metro Capital Bank,3000882105501891,09/28,245,Expired,Phishing
6814443e-c48e-40c8-b43f-5a3d75133491,William Harris,william.harris288@example.com,+17664428292,378 Main Street,Metro Capital Bank,5500855138636963,10/27,636,Active,Phishing
44a24d4f-b231-4424-84cc-c2e44aeefc8b,Patricia Harris,patricia.harris189@example.com,+12963772036,723 Main Street,Global Trust Bank,5500162667469378,01/28,530,Blocked,SQL Injection
899471ae-b032-4d06-8919-44f850fb1f0b,Robert Brown,robert.brown354@example.com,+12552228999,750 Main Street,Global Trust Bank,3400761091285297,03/29,492,Expired,Insider Leak
878979ee-6211-42fc-811f-f30ba4b63cb2,William Mwangi,william.mwangi414@example.com,+19676125372,565 Main Street,Prime National Bank,4111658979285307,05/29,614,Active,Malware Attack
fafc73d1-0556-4fbe-9025-db1931053b21,Mary Johnson,mary.johnson949@example.com,+17993445188,408 Main Street,Global Trust Bank,5500342717098096,12/26,897,Blocked,SQL Injection
c2867345-3e6a-4d26-99f3-cad2fcdb077d,James Thomas,james.thomas726@example.com,+13734171851,901 Main Street,Unity Finance,3000708124052117,09/28,828,Expired,SQL Injection
444a1f50-7eca-4100-91d5-05e4c0a72d9d,Robert Thomas,robert.thomas185@example.com,+15518626215,410 Main Street,Prime National Bank,4111756433169778,07/30,305,Blocked,SQL Injection
50011466-5c82-4be1-af28-d47c1186c86d,Michael White,michael.white565@example.com,+18816828871,127 Main Street,Metro Capital Bank,4111884642643447,11/27,891,Active,SQL Injection
1195607f-7421-4de3-a530-2f418eff9a00,Robert White,robert.white606@example.com,+13530670497,561 Main Street,Metro Capital Bank,4111382066373666,02/27,820,Expired,Malware Attack
bdee53bc-d8a2-4276-85ef-8c15b2fd824a,Robert Johnson,robert.johnson66@example.com,+17552542243,324 Main Street,Metro Capital Bank,3400428274990474,08/30,479,Blocked,Insider Leak
08182324-f46c-49ef-9ed4-de83769a14d9,Robert Thomas,robert.thomas307@example.com,+15072167574,841 Main Street,Global Trust Bank,5500142705298155,12/29,912,Blocked,Insider Leak
308cbf1e-e2ae-408d-943f-a8dc06ee4d51,Robert Harris,robert.harris900@example.com,+18821323504,556 Main Street,Prime National Bank,4111332877786750,02/27,487,Expired,Insider Leak
b91c0e42-d3c1-443f-8daa-51373fa179de,Michael Harris,michael.harris469@example.com,+15427840446,126 Main Street,Prime National Bank,3000347846459322,08/29,407,Active,Malware Attack
96339417-11f3-4930-967d-7000ae70cb12,Michael Smith,michael.smith942@example.com,+19540423671,233 Main Street,Metro Capital Bank,5500925691216349,06/27,777,Expired,Insider Leak
94878fa7-70c5-4b90-aaa9-ff62d888cb86,Robert Taylor,robert.taylor505@example.com,+13569515300,512 Main Street,Metro Capital Bank,3400067435917084,12/27,959,Expired,Phishing
8e58ec4c-3b51-4fad-8403-c91805ac4457,Patricia Thomas,patricia.thomas543@example.com,+14761001555,590 Main Street,Prime National Bank,5500432632157866,01/27,630,Expired,Insider Leak
7ad9305f-2888-4334-8f3c-fadbd80227bc,Jennifer Taylor,jennifer.taylor789@example.com,+17474697018,669 Main Street,Prime National Bank,4111831819851463,01/27,427,Blocked,Malware Attack
36a336af-dbae-46a5-bb24-58885e1a09e6,Linda Harris,linda.harris697@example.com,+13300380695,699 Main Street,Unity Finance,3000781521609609,04/28,909,Active,SQL Injection
55a4abdb-0e1b-4666-9140-3fe5281e54f6,Elizabeth Mwangi,elizabeth.mwangi63@example.com,+18762119142,316 Main Street,Metro Capital Bank,4111856510394483,04/26,339,Blocked,Phishing
2a7d5bd5-600a-4038-be8f-525ae79d86f2,John Brown,john.brown252@example.com,+14974486459,192 Main Street,Global Trust Bank,4111251387976292,04/30,387,Expired,Insider Leak
0e0ef488-2524-42f9-9646-cdd0ef8f4fe7,Mary Brown,mary.brown89@example.com,+17505953557,964 Main Street,Unity Finance,3000468948924821,10/29,161,Expired,SQL Injection
68de6c20-baf7-4e38-acc4-d4b948d88ddd,Elizabeth Anderson,elizabeth.anderson911@example.com,+11355609191,541 Main Street,Global Trust Bank,3400770982426783,08/28,812,Blocked,Malware Attack
85f2b6f3-ea69-431e-b432-79a38cf6d9f9,James Jackson,james.jackson603@example.com,+13358174537,612 Main Street,Unity Finance,4111585867059878,02/29,132,Blocked,Malware Attack
dd8592ce-7179-4237-bf25-4ddea3557207,James Jackson,james.jackson693@example.com,+13259138849,588 Main Street,Global Trust Bank,5500853164463688,08/28,384,Active,SQL Injection
98576bd0-276e-45cc-8438-140d018122b3,Robert Taylor,robert.taylor407@example.com,+10868996176,942 Main Street,Prime National Bank,5500441834156491,03/29,180,Blocked,Phishing
64cfcf64-5c7a-4d0e-aa2b-489c4523cdd1,Linda White,linda.white500@example.com,+13925186652,231 Main Street,Unity Finance,5500202929808170,04/30,828,Active,Insider Leak
7f15998b-e905-4e4f-ba69-89c54e161199,William Smith,william.smith945@example.com,+17106218007,775 Main Street,Metro Capital Bank,5500431121164670,06/26,518,Expired,Malware Attack
16b4faac-21b0-44f6-8db5-f8d73165bc50,Jennifer Mwangi,jennifer.mwangi343@example.com,+17323797345,329 Main Street,Global Trust Bank,4111891133261176,06/28,763,Blocked,Insider Leak
c99d33d4-3f79-4484-8f85-d521849ee138,Patricia Taylor,patricia.taylor856@example.com,+10717727207,417 Main Street,Prime National Bank,4111195125035607,12/29,666,Blocked,SQL Injection
a3fb8a53-87b8-45a6-b001-dec36ac8e8c0,William Thomas,william.thomas444@example.com,+18662537446,662 Main Street,Prime National Bank,3400297303864990,01/29,657,Expired,Malware Attack
a2aae1ac-1eb5-4734-bd52-63b28055943b,Mary Brown,mary.brown417@example.com,+13760462287,729 Main Street,Global Trust Bank,3000479653708201,02/28,941,Blocked,Insider Leak
7ff5d0f2-3991-47b3-bf58-990df7228f6b,James Smith,james.smith20@example.com,+17543068142,583 Main Street,Global Trust Bank,4111821477308607,09/30,100,Expired,Malware Attack
c6cf9971-52a6-4f21-8582-ea0527c92ca7,John Johnson,john.johnson557@example.com,+14341759762,714 Main Street,Prime National Bank,4111190322606834,11/27,215,Active,Malware Attack
13f1cb74-c18c-477e-8054-eb90888c1861,Jennifer Thomas,jennifer.thomas273@example.com,+14579015798,121 Main Street,Global Trust Bank,3400845480900543,02/27,263,Expired,SQL Injection
3b80dac3-2e5c-4169-a21c-e8cb855a6c1c,James Harris,james.harris306@example.com,+12186985737,195 Main Street,Metro Capital Bank,3400078625757893,03/29,678,Active,Insider Leak
5a4aef13-c8fa-4e59-976d-4e09713ecbda,Mary Johnson,mary.johnson767@example.com,+19525391803,411 Main Street,Unity Finance,4111878454033166,07/26,704,Expired,Malware Attack
93e58224-c018-4dc0-9b6e-2ef503461cb8,Linda Smith,linda.smith281@example.com,+15789428256,780 Main Street,Metro Capital Bank,3400958870277781,05/29,494,Blocked,Malware Attack
23178cbc-e238-432d-904b-87831292bb57,Elizabeth Johnson,elizabeth.johnson932@example.com,+16557464553,616 Main Street,Global Trust Bank,4111358658464018,01/26,845,Active,SQL Injection
ba0f7f36-6356-4893-8781-953d1756a1a4,Robert Harris,robert.harris369@example.com,+15061820979,508 Main Street,Unity Finance,3400712561834494,09/29,905,Active,Malware Attack
33980065-f77d-4c12-a0d9-f432d6ddf641,Mary Harris,mary.harris552@example.com,+14224821534,170 Main Street,Metro Capital Bank,3400478309982020,04/28,510,Expired,Malware Attack
43b9e79e-f71e-4579-a19c-62adb9f7d35c,William Taylor,william.taylor331@example.com,+19245845997,887 Main Street,Global Trust Bank,4111203464328134,10/27,652,Active,Malware Attack
e4aa30ed-3143-4e33-b1d2-4bdc2c9adf7d,Jennifer Brown,jennifer.brown666@example.com,+15567491120,266 Main Street,Prime National Bank,4111898399990593,10/28,947,Expired,Insider Leak
ea485fca-60c2-4050-bc34-ffc8589b7fe9,Mary Taylor,mary.taylor54@example.com,+19955510849,591 Main Street,Metro Capital Bank,4111983693094745,07/29,804,Active,Phishing
5a1e9ff1-6e11-4097-bc75-b54dcadc79c2,John White,john.white166@example.com,+15503065761,481 Main Street,Metro Capital Bank,3000610142899277,11/30,589,Active,Insider Leak
f7b57f95-6452-4b8c-ab64-118246120816,Patricia White,patricia.white522@example.com,+10143618267,305 Main Street,Prime National Bank,3000081445640910,04/26,980,Active,Malware Attack
96be5eeb-c32c-482b-bb88-02173b05e938,James Thomas,james.thomas904@example.com,+17716614471,879 Main Street,Global Trust Bank,4111567819434052,09/28,418,Expired,Insider Leak
cd92ca8d-9571-4532-94db-17aed04ebcae,Michael Mwangi,michael.mwangi907@example.com,+11951872973,351 Main Street,Unity Finance,3400274373369328,08/30,774,Blocked,Phishing
ddfa177b-9ffe-44fa-a9f7-474e8c8b749a,Jennifer White,jennifer.white584@example.com,+14634562850,398 Main Street,Metro Capital Bank,3000981460402793,07/30,893,Blocked,Insider Leak
00da85fa-b98a-406e-b3f7-0e17c681fe59,James Thomas,james.thomas570@example.com,+18520186163,480 Main Street,Metro Capital Bank,4111712112069538,09/28,292,Active,SQL Injection
ef0ed33d-eb78-403c-925a-426b99fab8bc,William Harris,william.harris248@example.com,+14447863901,779 Main Street,Metro Capital Bank,5500638346182112,01/27,247,Active,Insider Leak
8ff60a5a-7779-499c-8c42-d6405f8c5ae8,Jennifer Smith,jennifer.smith261@example.com,+12131304545,826 Main Street,Unity Finance,5500302662229766,06/28,486,Blocked,SQL Injection
acfab0a8-81da-486d-be5e-965e35ef1a5a,Jennifer Harris,jennifer.harris318@example.com,+15197566210,558 Main Street,Global Trust Bank,3000280207334699,06/27,432,Blocked,Phishing
dcd4a37b-439b-485c-948c-c59f83fa0a00,James Anderson,james.anderson609@example.com,+14592662568,476 Main Street,Global Trust Bank,5500323235975555,10/28,606,Active,Phishing
8b1577fd-8f1a-4c5b-acee-55e448baeda7,James Jackson,james.jackson397@example.com,+15825656522,926 Main Street,Unity Finance,5500556311823212,12/29,172,Expired,Insider Leak
3f0b6345-3dd3-4465-a00a-2cd3b8548a33,Michael Mwangi,michael.mwangi105@example.com,+18981867820,285 Main Street,Global Trust Bank,3000210055324725,11/29,342,Active,Phishing
b7fa5291-a1f0-43ab-b106-c872a8e79238,Robert White,robert.white243@example.com,+12065134946,857 Main Street,Global Trust Bank,3000318113347919,07/29,380,Blocked,Insider Leak
ee9ea4f7-346f-4e15-b4a7-67d026ba24b9,Elizabeth Mwangi,elizabeth.mwangi142@example.com,+15838048663,170 Main Street,Prime National Bank,4111955368510653,03/28,673,Expired,SQL Injection
8c7ba082-96fe-42da-ab3b-8afcd26555f5,John Anderson,john.anderson645@example.com,+17771129804,603 Main Street,Metro Capital Bank,5500929216873547,10/28,636,Expired,Phishing
b9433fec-5f69-4b99-a54e-e1f2d02bb506,Elizabeth Mwangi,elizabeth.mwangi963@example.com,+12007862826,608 Main Street,Global Trust Bank,4111550601677966,11/26,265,Blocked,Malware Attack
5dde015b-f179-40a6-9335-1f7c7a340e0b,James Harris,james.harris506@example.com,+14202896409,711 Main Street,Global Trust Bank,3400364557128727,01/28,933,Expired,Malware Attack
028e1787-751d-42f6-b734-b3f6e9d57c1d,Linda Anderson,linda.anderson778@example.com,+16564264522,446 Main Street,Prime National Bank,3000712197850295,01/29,310,Active,Phishing
40cca096-9f5d-4061-b928-3f87a896565f,Robert White,robert.white835@example.com,+12629944663,579 Main Street,Metro Capital Bank,3000815826378382,08/28,900,Expired,Malware Attack
8b21f0c3-eb78-4593-8b3f-0f92f565ed60,Michael Harris,michael.harris241@example.com,+14658925941,487 Main Street,Prime National Bank,5500349080782462,01/28,179,Blocked,Malware Attack
67861646-b637-4a69-8f77-e50ac8afce11,Elizabeth Smith,elizabeth.smith753@example.com,+10993932983,444 Main Street,Prime National Bank,3400892668055267,11/26,141,Active,Malware Attack
11f76397-ad9c-4f76-aefc-c2f70cc397ea,John Thomas,john.thomas815@example.com,+19385453215,215 Main Street,Prime National Bank,3400876220398903,02/28,926,Blocked,Insider Leak
5ec9ca36-d2ef-4228-9bf9-7a253d8c55b8,Mary Jackson,mary.jackson718@example.com,+14344858105,775 Main Street,Global Trust Bank,3000903813541759,03/26,345,Active,Phishing
b181225a-6d53-4109-bde6-4a7dd796dc40,Patricia Taylor,patricia.taylor653@example.com,+17477670227,687 Main Street,Unity Finance,4111236730548651,07/29,114,Blocked,SQL Injection
211450b3-93b0-4288-b602-db028f84db67,William Thomas,william.thomas994@example.com,+16283597607,317 Main Street,Prime National Bank,3400865029787829,08/27,293,Active,Malware Attack
8f3a09eb-e2c2-47c7-bbbc-d3a3ed17f0e2,Linda Smith,linda.smith794@example.com,+13311369100,895 Main Street,Prime National Bank,3000856547226715,12/29,570,Active,Insider Leak
8592e797-3f2f-45a0-a767-7277d7cbcd32,John Brown,john.brown407@example.com,+10725282638,761 Main Street,Unity Finance,3000873171333735,09/28,942,Expired,Malware Attack
de64f9f6-ca43-4b2c-b1ee-653aa6a703d4,Elizabeth Anderson,elizabeth.anderson91@example.com,+13838602227,992 Main Street,Global Trust Bank,3000816785599948,11/27,938,Active,Malware Attack
432344de-8da9-459a-b32e-eaff07e23944,John Smith,john.smith418@example.com,+10487963916,431 Main Street,Global Trust Bank,3400373891385750,08/27,284,Blocked,Malware Attack
06cb7e54-7c36-4ab2-9f3b-4995e0436fc7,Linda Thomas,linda.thomas673@example.com,+17901941400,982 Main Street,Global Trust Bank,3400064023532447,01/27,867,Blocked,SQL Injection
491c9119-736c-4044-b231-7fa0b06c4bf9,Elizabeth Taylor,elizabeth.taylor248@example.com,+18693057256,215 Main Street,Global Trust Bank,3000351237274985,09/27,556,Expired,Malware Attack
bb17c147-dcaf-487d-975d-9e0e6949ad10,William Taylor,william.taylor776@example.com,+16063458766,320 Main Street,Metro Capital Bank,4111290249652314,09/29,326,Blocked,Phishing
e06e176e-d1ae-4850-be7d-59605ea62ef9,Linda Mwangi,linda.mwangi146@example.com,+11073579439,158 Main Street,Metro Capital Bank,4111422921487286,05/29,936,Active,Malware Attack
81b4bb23-9961-4025-973c-e0b37cc6e275,Patricia Smith,patricia.smith560@example.com,+14638393905,724 Main Street,Prime National Bank,5500649142568432,03/26,331,Expired,SQL Injection
59887256-5600-4715-944e-e0651fb8443a,William Smith,william.smith455@example.com,+19030324990,494 Main Street,Unity Finance,3400862133868582,09/27,394,Blocked,Malware Attack
1bda176e-ae55-416c-8693-e8162ba78e8d,William Brown,william.brown694@example.com,+13428852004,627 Main Street,Unity Finance,5500083837476668,12/26,406,Expired,Phishing
93c94eec-f060-4b06-9e0f-59ab2720c43b,Mary Mwangi,mary.mwangi793@example.com,+12283857844,774 Main Street,Prime National Bank,3400030485385028,11/29,822,Blocked,SQL Injection
46952f73-c867-47e0-8e27-87d7c87e95fc,Elizabeth Anderson,elizabeth.anderson916@example.com,+19460877107,753 Main Street,Prime National Bank,3000316614207236,07/29,835,Expired,Insider Leak
e1d600f9-7ed2-4f7e-b7af-29d89dec7b9b,Elizabeth Brown,elizabeth.brown402@example.com,+10850959287,752 Main Street,Metro Capital Bank,5500633096849869,04/26,234,Expired,Insider Leak
30d7c0ee-4a86-4de1-9660-42e56eeb6a70,Jennifer Brown,jennifer.brown402@example.com,+13903851725,680 Main Street,Unity Finance,5500893982053637,05/28,290,Active,Insider Leak
5ed104ba-b395-4528-b2fe-beb58f5e7a97,Patricia White,patricia.white399@example.com,+15903102452,153 Main Street,Metro Capital Bank,3400683965293193,09/29,516,Expired,Phishing
82b46ea2-f9c1-4d3f-b80b-95ff98c564c5,Linda Mwangi,linda.mwangi434@example.com,+14453620397,607 Main Street,Metro Capital Bank,3400190787642826,05/30,180,Blocked,Phishing
0114d164-ad8b-4cfe-889d-3563a4d26063,Patricia Brown,patricia.brown206@example.com,+11139665059,771 Main Street,Metro Capital Bank,3400577156218852,12/27,403,Active,Phishing
8c518841-f7e6-4c1d-90ec-697a16463b3e,Linda Smith,linda.smith159@example.com,+16006724408,207 Main Street,Global Trust Bank,5500233039245745,04/26,301,Expired,Insider Leak
52a0f16d-a16d-4c38-b9ed-9aa39a4fcd4c,Linda Johnson,linda.johnson498@example.com,+14417469924,963 Main Street,Global Trust Bank,3000029690292026,02/30,778,Blocked,Malware Attack
c0e60fcb-dbe8-4751-ac53-a5b459aade28,Robert Harris,robert.harris279@example.com,+14387626796,641 Main Street,Unity Finance,4111185472986353,05/28,258,Active,Malware Attack
459aba07-aa05-4a6a-a418-2db0072ee1eb,Elizabeth Thomas,elizabeth.thomas352@example.com,+10504977968,102 Main Street,Unity Finance,3400420366512419,12/29,965,Active,Insider Leak
d37e4a6e-6b06-4129-a7a1-a3150eb63bf8,Mary Johnson,mary.johnson648@example.com,+12130756982,708 Main Street,Unity Finance,3000904727280994,06/28,559,Expired,Malware Attack
29d3f23b-68c9-4797-8ebc-e8095627b1a2,Mary Harris,mary.harris31@example.com,+18152199244,489 Main Street,Prime National Bank,3000070243275632,09/27,790,Expired,Malware Attack
fa1f85b1-fbfb-4bfc-a05e-0db0cfb20800,Michael Johnson,michael.johnson676@example.com,+19937545353,982 Main Street,Metro Capital Bank,4111162206159272,08/27,867,Blocked,Malware Attack
93566e8d-f4da-4899-8db8-b10fff7927d8,Linda Brown,linda.brown590@example.com,+17823423342,917 Main Street,Metro Capital Bank,4111632393932478,04/30,527,Active,SQL Injection
b89c01dd-feeb-435e-83f9-a77c92eaaf23,Michael Harris,michael.harris894@example.com,+18675922780,213 Main Street,Global Trust Bank,3000680908052778,06/29,630,Expired,Malware Attack
2863453d-5929-4c50-85ab-7acf38b59321,Jennifer Smith,jennifer.smith222@example.com,+13752793489,541 Main Street,Unity Finance,3000925854080436,10/27,941,Active,Phishing
c2484e1b-9f0d-45f2-9e8c-4a23d154631d,Patricia Johnson,patricia.johnson505@example.com,+19948296710,782 Main Street,Prime National Bank,3400659783691300,02/28,177,Blocked,Malware Attack
3dcd0be0-71de-44ac-a771-31c6cec9abcb,Patricia White,patricia.white835@example.com,+14688500681,797 Main Street,Global Trust Bank,5500950357548486,10/27,541,Active,Phishing
39fe1b45-8f97-4d1e-876c-c9ce18cd117a,John Brown,john.brown437@example.com,+11477177630,834 Main Street,Prime National Bank,5500296266846590,11/28,953,Expired,Phishing
b810968b-253d-4d17-8c7b-91e2541856ac,John White,john.white19@example.com,+15592953684,805 Main Street,Global Trust Bank,3000091885137887,11/27,316,Expired,SQL Injection
c0e1f957-74a7-4d6a-804b-d85383385bec,Linda Jackson,linda.jackson3@example.com,+18399205618,663 Main Street,Global Trust Bank,3000297609019738,01/30,881,Blocked,Insider Leak
d8004291-ad4d-4902-a5e1-7749ac6a1785,Elizabeth Thomas,elizabeth.thomas524@example.com,+19832682646,404 Main Street,Global Trust Bank,5500165040413749,06/30,255,Active,SQL Injection
7ab4040c-b9fd-4d9a-99d4-608cdc6eee8c,Linda Johnson,linda.johnson274@example.com,+15870424534,300 Main Street,Global Trust Bank,3400297705271027,07/28,815,Expired,SQL Injection
6ef78fa3-18af-4bd7-aa3b-e1879acb5c13,James Brown,james.brown466@example.com,+13060194864,828 Main Street,Metro Capital Bank,3400569185100404,04/29,459,Blocked,Malware Attack
4f67424d-2bf3-4d34-9948-7d7401dbc8c6,James Jackson,james.jackson595@example.com,+16718387222,472 Main Street,Prime National Bank,3400505655395902,03/28,927,Blocked,Phishing
416ca1bb-ff50-47a2-b2e3-be66e32bd6ed,Linda Taylor,linda.taylor122@example.com,+14721721291,676 Main Street,Prime National Bank,3400826623452070,12/30,502,Blocked,Phishing
f1b4234c-42ed-46d4-88fd-8ef87a3b3464,Robert Johnson,robert.johnson415@example.com,+12563745595,569 Main Street,Unity Finance,4111698672481898,09/29,259,Active,Insider Leak
59d030ed-4eff-4ff9-b16c-2a52764ee27f,Linda Brown,linda.brown67@example.com,+13938107855,497 Main Street,Global Trust Bank,3000704854045453,02/28,382,Blocked,Malware Attack
faab8c4c-4aa9-4a53-b766-70f03b1ee23b,Elizabeth Taylor,elizabeth.taylor529@example.com,+16905025104,251 Main Street,Metro Capital Bank,3000053852164731,05/29,281,Expired,Malware Attack
20258ff7-5cdf-4d33-9d61-41c4270e3f34,James Johnson,james.johnson704@example.com,+19347949639,561 Main Street,Global Trust Bank,3400988475274078,02/28,549,Expired,Phishing
3786b5f5-8218-4216-8de0-f4881f2e3286,Jennifer Brown,jennifer.brown667@example.com,+10310012990,559 Main Street,Unity Finance,3000003409039791,06/28,409,Expired,Malware Attack
acf5f2f7-a31d-4739-9b62-7276c65835e5,John Smith,john.smith644@example.com,+11884928333,240 Main Street,Global Trust Bank,4111697343243810,09/30,240,Expired,Malware Attack
e17ab755-7fa6-4d50-afa4-a4ff8097cb35,Linda Johnson,linda.johnson244@example.com,+18523473755,317 Main Street,Unity Finance,4111753505716558,04/28,581,Expired,Phishing
6415d1b7-fd16-4497-90fd-bcb2b7f81518,Jennifer Jackson,jennifer.jackson514@example.com,+15578335851,585 Main Street,Metro Capital Bank,3400988531278451,09/29,397,Blocked,SQL Injection
c7632864-cbaf-46d5-bc92-750f7d65380f,Michael Thomas,michael.thomas728@example.com,+12035011424,821 Main Street,Unity Finance,5500845074370751,10/30,441,Expired,Phishing
946bdf4e-cfad-4164-b6e2-c2b91c5a7ccb,James Thomas,james.thomas366@example.com,+15964013358,634 Main Street,Metro Capital Bank,3400813449211323,01/28,403,Expired,SQL Injection
53710d77-13a9-4cb3-aade-70657eeb6637,Elizabeth Anderson,elizabeth.anderson971@example.com,+19532268444,521 Main Street,Unity Finance,3400634702516903,11/27,305,Blocked,Insider Leak
ca420167-947c-4ef7-8578-bdfdbe86c11f,Elizabeth Jackson,elizabeth.jackson482@example.com,+10851240170,548 Main Street,Global Trust Bank,3400407584647971,03/28,588,Blocked,Insider Leak
de897617-020c-486b-91d3-8335ab2f5c51,Elizabeth Johnson,elizabeth.johnson583@example.com,+12728881916,682 Main Street,Metro Capital Bank,3000299875913473,09/26,211,Expired,Phishing
156634f8-c385-4465-b731-13837c23bbdf,William Johnson,william.johnson41@example.com,+16362060380,300 Main Street,Unity Finance,5500568409703440,12/29,117,Expired,SQL Injection
b26a5244-aadb-4a7e-afb4-4cd3496a600c,Robert Harris,robert.harris250@example.com,+11565203278,236 Main Street,Global Trust Bank,3400339090641976,09/30,826,Blocked,Phishing
c13ba517-ef79-4b43-a111-62ab0e022511,Linda Brown,linda.brown878@example.com,+14359186942,282 Main Street,Metro Capital Bank,4111939051892129,06/27,612,Blocked,SQL Injection
594db82d-145b-4b34-a9ae-e27925175e47,James Taylor,james.taylor448@example.com,+15058163993,283 Main Street,Unity Finance,4111345713676027,11/27,755,Blocked,Malware Attack
8923c085-59de-4be2-9495-0722c0cc04ab,Mary Brown,mary.brown471@example.com,+16782230461,629 Main Street,Prime National Bank,5500409666503984,11/30,232,Blocked,Phishing
15eb9d3f-1143-407f-80df-b98f71a4e3d4,Linda Harris,linda.harris542@example.com,+18279461404,936 Main Street,Unity Finance,5500625073368308,08/29,422,Expired,Phishing
36f48859-9456-405c-89bb-d55beb3b7da7,Mary Taylor,mary.taylor396@example.com,+15140374129,585 Main Street,Prime National Bank,3400801146314452,01/29,990,Active,Phishing
8400fa52-6497-4b54-9808-d09e00502778,William Brown,william.brown327@example.com,+16432374311,281 Main Street,Metro Capital Bank,4111064601202978,08/26,813,Active,Phishing
6c6c3894-9611-4737-b739-e052f78ccbcf,Elizabeth Jackson,elizabeth.jackson696@example.com,+15603492789,873 Main Street,Global Trust Bank,5500956063253288,06/27,932,Active,Malware Attack
d7480288-de71-45b2-99e5-59ba976b80e2,Elizabeth Thomas,elizabeth.thomas720@example.com,+17290864878,922 Main Street,Unity Finance,4111292112387907,08/27,143,Expired,Phishing
bd6fd062-cc58-43d8-b3bc-c871071fe525,James Jackson,james.jackson930@example.com,+18065337956,629 Main Street,Unity Finance,3400198434527948,05/30,749,Expired,SQL Injection
6cd15873-b9fb-41d6-8e6f-16dc4edb242b,Michael Johnson,michael.johnson744@example.com,+16650073660,665 Main Street,Metro Capital Bank,3000552150245577,08/30,608,Active,Malware Attack
813acb5c-c5ea-4fd8-aff3-898f7df87efe,Robert Thomas,robert.thomas359@example.com,+16773747488,722 Main Street,Unity Finance,5500548403571968,09/29,521,Active,SQL Injection
e86069fa-2441-4adb-80ed-1dd42dd45e3c,Patricia White,patricia.white363@example.com,+19331855900,511 Main Street,Global Trust Bank,4111944430953607,01/27,769,Active,Insider Leak
ab0643d9-f635-41d7-a60f-ddd8635f46d3,Linda Smith,linda.smith838@example.com,+13070304430,885 Main Street,Global Trust Bank,3000398344980137,05/27,493,Expired,SQL Injection
302a4414-7ac8-4ef3-9e97-0345200c2a3f,Mary Anderson,mary.anderson341@example.com,+15334042382,353 Main Street,Unity Finance,3000233897536010,06/28,114,Expired,Phishing
d9793de0-1094-432f-9070-95c65bcf8cb6,James Jackson,james.jackson841@example.com,+17002062246,708 Main Street,Global Trust Bank,3000795493351413,12/28,806,Blocked,Phishing
375d16f8-f2a5-4091-94b0-258ecc5ed46c,William Jackson,william.jackson364@example.com,+18521363135,530 Main Street,Unity Finance,5500835496492771,08/26,572,Blocked,Malware Attack
c3873683-fa3a-46db-8543-8ca4e5878824,Michael Thomas,michael.thomas791@example.com,+13562227295,553 Main Street,Global Trust Bank,3400314265990771,04/30,936,Active,SQL Injection
5f681a5f-0eb1-4261-8dd7-bdfb01220eb5,Michael Thomas,michael.thomas80@example.com,+10791277035,333 Main Street,Metro Capital Bank,3000227192354407,08/29,277,Active,Malware Attack
27447f9f-8e53-40f5-aa96-a40dcad04d7c,Mary Smith,mary.smith443@example.com,+14148000684,207 Main Street,Unity Finance,4111909811430571,07/26,740,Expired,Phishing
96ed2f07-954d-45c1-bd98-9c5415ba2c86,Mary Harris,mary.harris476@example.com,+10207227017,119 Main Street,Metro Capital Bank,5500011889424364,04/28,353,Blocked,SQL Injection
2fa4ba4e-a5fc-41ec-b2c0-f02b7c810e78,William Smith,william.smith681@example.com,+10728146927,577 Main Street,Prime National Bank,3000478865872926,07/27,320,Expired,Phishing
2cce2ceb-5b7b-4352-81fc-c38b1200be9d,John Mwangi,john.mwangi652@example.com,+14746618947,829 Main Street,Metro Capital Bank,3000649158833952,11/29,956,Expired,SQL Injection
b5071091-29c8-4299-8a16-a2f1c8b456cd,Linda Harris,linda.harris262@example.com,+17222644944,950 Main Street,Metro Capital Bank,5500542178187347,05/27,433,Expired,SQL Injection
259d7990-0d72-4784-875a-37dcb3c936af,Patricia Taylor,patricia.taylor489@example.com,+15885482622,587 Main Street,Global Trust Bank,5500851630417162,08/26,171,Blocked,SQL Injection
d9fd6963-112f-4bda-9dda-f19288176bc2,Jennifer Thomas,jennifer.thomas610@example.com,+19032067067,244 Main Street,Unity Finance,5500826288686869,09/26,130,Expired,Malware Attack
a98cd137-c705-423e-bc4e-ef92782ff299,John Taylor,john.taylor267@example.com,+14697771229,621 Main Street,Metro Capital Bank,5500643304428764,08/30,333,Blocked,SQL Injection
fe698ebe-83af-4e2f-896f-bbcae33f741f,Linda Harris,linda.harris815@example.com,+12042545843,229 Main Street,Prime National Bank,3000113917638657,06/26,221,Blocked,Phishing
0cd32c4f-001e-45b0-8bb8-627952ea0654,Michael Smith,michael.smith385@example.com,+16608290401,132 Main Street,Global Trust Bank,4111718263856167,01/26,408,Active,SQL Injection
21c037cf-a919-4c72-886b-5885748b551a,Patricia Harris,patricia.harris223@example.com,+12017301444,544 Main Street,Global Trust Bank,3400958545681782,01/27,904,Expired,Malware Attack
56fbbc5e-19e3-4165-a7dd-d2f6684b7de2,Jennifer Taylor,jennifer.taylor218@example.com,+15339881321,658 Main Street,Unity Finance,5500640257110097,03/26,796,Active,Insider Leak
54337874-3abe-4e80-a237-8bd1fd880b89,Robert White,robert.white367@example.com,+11781063925,789 Main Street,Prime National Bank,3400498926237220,08/28,430,Active,Phishing
97f95e08-25f9-4a20-8ccf-7735a3b4497a,John Mwangi,john.mwangi433@example.com,+10469208636,541 Main Street,Metro Capital Bank,4111937852614672,04/27,650,Active,Malware Attack
d52cbf1c-8a1a-43d1-b777-0f4fea398313,Linda Brown,linda.brown332@example.com,+11995214505,767 Main Street,Unity Finance,3400085241981512,04/29,273,Active,SQL Injection
1a78d318-549c-434b-a8ca-8550611f5f19,John Jackson,john.jackson218@example.com,+12442566841,167 Main Street,Prime National Bank,4111417323898503,03/29,525,Expired,Malware Attack
38658da0-5e6c-4970-87b4-75ca807a954a,Linda Mwangi,linda.mwangi748@example.com,+10722905450,418 Main Street,Global Trust Bank,4111418935224018,12/28,305,Active,Insider Leak
7f3df453-8ada-414d-9b09-b289ddf0ef51,Jennifer Harris,jennifer.harris259@example.com,+19374253447,770 Main Street,Unity Finance,3400740122293604,10/29,442,Blocked,Phishing
b7a6bf9d-11ad-4f14-8f37-10f730195c6c,Elizabeth Thomas,elizabeth.thomas769@example.com,+11864636903,890 Main Street,Metro Capital Bank,3400691705024965,07/28,888,Active,Insider Leak
3b25f814-1db1-403c-ac94-df06cf06e677,Jennifer Taylor,jennifer.taylor685@example.com,+11811423112,728 Main Street,Global Trust Bank,3000814938060096,09/26,813,Blocked,Insider Leak
8396e4c9-026b-46b7-ac70-c89cf00714f6,Linda Mwangi,linda.mwangi942@example.com,+12563004784,347 Main Street,Unity Finance,3400148927949622,12/30,544,Expired,Insider Leak
36530da3-7b3b-4012-b08a-114d4074794f,Elizabeth Harris,elizabeth.harris512@example.com,+15641256725,375 Main Street,Unity Finance,4111590401013826,08/30,457,Expired,SQL Injection
fa7744e6-4ac4-40a5-9d0a-99dfa46d7c41,Robert Jackson,robert.jackson536@example.com,+17689150808,742 Main Street,Global Trust Bank,3400826891096201,09/28,619,Active,Insider Leak
0ef1daa4-77c9-4419-ad3d-27088e01ef4d,Jennifer Jackson,jennifer.jackson342@example.com,+14117036535,433 Main Street,Metro Capital Bank,3000212427759944,11/28,874,Active,SQL Injection
184e556c-3105-4785-923e-b71a0ba99526,Michael Brown,michael.brown659@example.com,+14110885797,746 Main Street,Unity Finance,5500824674551713,06/30,283,Expired,Insider Leak
f265290a-9cc7-4c77-971b-cd50507235d9,Jennifer Harris,jennifer.harris80@example.com,+15674566972,173 Main Street,Metro Capital Bank,5500193387199922,08/29,817,Blocked,Insider Leak
28d53738-deb7-42ee-bc5f-3bb920d4ba26,Patricia Harris,patricia.harris60@example.com,+13810570617,546 Main Street,Metro Capital Bank,3400391808200286,04/26,378,Active,Insider Leak
62e55c9d-b186-425d-81cb-05f400c2093e,Mary Brown,mary.brown448@example.com,+18980066117,386 Main Street,Unity Finance,5500660598734951,12/30,338,Active,Insider Leak
f53f7aa8-cc4a-4ebc-b39d-420c579ff35e,William Jackson,william.jackson72@example.com,+12073096243,339 Main Street,Prime National Bank,4111696230681915,10/27,225,Expired,SQL Injection
65635e70-7c2f-44a3-8531-9cf9c696a799,Elizabeth Thomas,elizabeth.thomas819@example.com,+11336604465,657 Main Street,Unity Finance,4111236546244014,05/29,987,Active,SQL Injection
5e4fecd8-1f18-433d-bdb2-2dbfa96405bb,John Thomas,john.thomas747@example.com,+11141416714,636 Main Street,Global Trust Bank,4111142248075569,07/27,660,Blocked,Insider Leak
aa042964-2fff-4f0b-b4a8-87d0a7a3f1b4,William Johnson,william.johnson565@example.com,+15903955729,258 Main Street,Unity Finance,3400329906275114,10/27,368,Expired,Phishing
991e2c57-670c-4b39-a05b-7bdd7078e34e,Patricia White,patricia.white497@example.com,+14714971934,674 Main Street,Unity Finance,4111188749071756,04/29,585,Expired,Insider Leak
c0409043-790e-4d6d-8775-719c5e44976a,Linda Johnson,linda.johnson220@example.com,+12332214849,400 Main Street,Unity Finance,5500069206905896,10/27,914,Blocked,Phishing
60f709e8-f130-4abb-9f51-ad38c7e748c8,William Harris,william.harris892@example.com,+14378195305,160 Main Street,Prime National Bank,5500625430787793,06/26,214,Blocked,Malware Attack
16839c31-3e52-4cff-b63e-6425c9908304,Elizabeth Taylor,elizabeth.taylor759@example.com,+17561826630,221 Main Street,Metro Capital Bank,4111338688816875,07/27,918,Expired,Phishing
0057f6ff-1bb2-4bf9-b106-c43cea59c0d8,James Harris,james.harris870@example.com,+12450593597,485 Main Street,Unity Finance,3000144987042134,09/30,119,Active,SQL Injection
1bc5c8f2-a147-4df9-8d56-7423e454b1af,Elizabeth Thomas,elizabeth.thomas154@example.com,+17694226151,519 Main Street,Prime National Bank,5500957313124550,04/26,641,Blocked,Malware Attack
d81467c6-d9b1-485d-8cf3-27a977de09ae,Mary Thomas,mary.thomas601@example.com,+18640936582,622 Main Street,Prime National Bank,3400321615003522,01/30,449,Blocked,Malware Attack
5592fc40-5c9c-433d-b45a-928a26bc9d57,Jennifer Taylor,jennifer.taylor826@example.com,+15590329761,780 Main Street,Unity Finance,3400916177270432,05/30,935,Expired,Malware Attack
eca0ca82-44aa-4655-b0e5-9f8d9e2dd6fa,Mary Harris,mary.harris144@example.com,+13282766491,337 Main Street,Prime National Bank,4111278656856412,07/28,969,Expired,SQL Injection
0995cc6b-39c6-4de5-a0a4-d94f3d2e7975,Mary Mwangi,mary.mwangi954@example.com,+16024928214,291 Main Street,Metro Capital Bank,3400745466431425,08/30,592,Active,Insider Leak
571d5af9-15d1-46b6-bfea-d51c8680ff49,William Thomas,william.thomas942@example.com,+15527263265,216 Main Street,Unity Finance,4111884444991662,01/30,632,Expired,Phishing
2c99f66d-d075-4741-9bde-54a8869cde51,William Smith,william.smith219@example.com,+10951498404,637 Main Street,Metro Capital Bank,5500725057347205,07/28,556,Expired,Phishing
e6fa7b1b-99f2-4615-b057-3225b2832741,Robert White,robert.white803@example.com,+16890247097,611 Main Street,Prime National Bank,3400116414374705,07/26,808,Blocked,SQL Injection
498b92ca-4e43-4f3c-9ff2-65cefbece700,Robert Anderson,robert.anderson74@example.com,+12877657222,401 Main Street,Unity Finance,3000971005887217,06/26,948,Active,SQL Injection
af96f93b-29cb-4f41-a7ad-39218a9a2c3d,William Thomas,william.thomas814@example.com,+18493935398,609 Main Street,Prime National Bank,5500090768217789,02/28,598,Expired,Malware Attack
d183d162-1aea-4e82-8126-07504935a160,Robert Thomas,robert.thomas282@example.com,+12968434343,219 Main Street,Unity Finance,5500717656045820,07/29,554,Expired,Malware Attack
e7928dae-5310-4ced-b954-aa3113c0648b,Robert Johnson,robert.johnson634@example.com,+11882804162,284 Main Street,Prime National Bank,3400368787336474,05/30,378,Blocked,Insider Leak
eea518e2-f9fe-41b4-880e-6abca8954145,Mary Mwangi,mary.mwangi157@example.com,+18715923146,523 Main Street,Unity Finance,4111813646768649,07/26,704,Active,SQL Injection
b4954d32-1909-4614-8366-913f2fb9c70c,William Anderson,william.anderson518@example.com,+16619567637,510 Main Street,Prime National Bank,5500638097098219,01/27,174,Expired,SQL Injection
339b5c16-fb52-4fa4-a0d9-7ea7b1665f44,Robert Harris,robert.harris451@example.com,+18017720100,764 Main Street,Unity Finance,4111478321518542,04/28,372,Active,Malware Attack
ffd56207-719c-40d7-adf7-b81d9f3992df,Robert Thomas,robert.thomas906@example.com,+19692895467,824 Main Street,Metro Capital Bank,3400388602339634,01/29,445,Expired,Malware Attack
7e9e52c3-a90d-4087-9027-311b799a1484,Mary Smith,mary.smith792@example.com,+15152847337,659 Main Street,Metro Capital Bank,4111466677663468,07/29,783,Active,SQL Injection
9e648b76-ad54-4380-9708-de3aa6933535,Michael White,michael.white859@example.com,+16961634939,600 Main Street,Metro Capital Bank,3400270758776726,07/27,789,Expired,Phishing
bffe71dd-925a-424e-809e-242c24e2ab88,William Anderson,william.anderson325@example.com,+12475777232,129 Main Street,Prime National Bank,3000025693978339,02/27,441,Active,Insider Leak
420be818-20ef-4ff1-97d5-1e89cc4a04d4,Mary White,mary.white846@example.com,+15791941697,864 Main Street,Global Trust Bank,5500904213696597,05/28,904,Blocked,Phishing
c5ce211b-4a40-4a89-a0b1-8a7b65ab2735,Michael Jackson,michael.jackson274@example.com,+10652738194,837 Main Street,Unity Finance,4111340535228896,03/26,915,Blocked,Phishing
c29b069c-e27e-4cb7-864b-94ff7d79ec8f,William Harris,william.harris912@example.com,+11794647732,132 Main Street,Unity Finance,3000227211862763,02/26,485,Blocked,Insider Leak
c3cfacb0-9911-46f4-9827-b0c355767931,Michael Jackson,michael.jackson350@example.com,+12570890662,725 Main Street,Global Trust Bank,4111249976622883,04/26,800,Blocked,Phishing
04c465a2-112f-482c-a74e-af61d533c7a3,William Thomas,william.thomas690@example.com,+10555195534,456 Main Street,Metro Capital Bank,4111461291857285,05/28,314,Blocked,Phishing
97ee4b63-3641-4c43-ab5b-538080f777a0,Michael White,michael.white273@example.com,+19566761174,217 Main Street,Global Trust Bank,4111646228695802,01/29,299,Blocked,Insider Leak
6cc57696-2dc9-4bbc-bcaa-fb0d24409884,William Taylor,william.taylor215@example.com,+11707413064,660 Main Street,Unity Finance,3000907102944289,09/26,900,Blocked,SQL Injection
cdaf9a6f-80f2-4b1c-8c91-61293560c4fe,Jennifer Mwangi,jennifer.mwangi125@example.com,+16076522659,979 Main Street,Global Trust Bank,5500463184879292,12/27,517,Expired,Malware Attack
da1856e6-49c7-41c1-bd7b-f49b0232e8de,Mary Thomas,mary.thomas761@example.com,+17664350133,166 Main Street,Unity Finance,4111177141346215,12/30,530,Expired,SQL Injection
384132b1-c484-4f36-81db-89ab8fec8fd5,Patricia Brown,patricia.brown108@example.com,+11107101082,327 Main Street,Global Trust Bank,5500174543328115,10/28,516,Blocked,SQL Injection
17b28895-2840-4114-a9a0-fe86f8e3ed87,Jennifer Mwangi,jennifer.mwangi753@example.com,+11765776052,126 Main Street,Unity Finance,4111459076973614,10/28,398,Active,Insider Leak
1da573e9-d813-46c4-af72-64099f53c5be,Robert Smith,robert.smith952@example.com,+12491383422,422 Main Street,Unity Finance,4111407742351444,10/27,773,Blocked,Insider Leak
40e31be5-65c8-4d63-8c94-b3e2babb5b22,Elizabeth Harris,elizabeth.harris773@example.com,+16614397748,835 Main Street,Prime National Bank,4111742498553439,02/30,495,Blocked,Insider Leak
06f5e59a-37f9-4e41-a810-185fcf1314af,William Brown,william.brown552@example.com,+18342724849,835 Main Street,Unity Finance,4111925387164521,12/26,791,Expired,Phishing
fcdc8bc7-4976-423d-ae0c-36b95eba3fc3,Jennifer Mwangi,jennifer.mwangi203@example.com,+15217324674,330 Main Street,Metro Capital Bank,3400731533592009,09/28,205,Active,Malware Attack
30b99b53-f9b6-4fbe-926d-5bb2bd4b0cee,John Smith,john.smith153@example.com,+12078330600,597 Main Street,Global Trust Bank,3000639258521013,03/28,108,Blocked,Malware Attack
4f3c4c3f-d032-43f4-8aaa-07301ff80e92,Jennifer Taylor,jennifer.taylor144@example.com,+11106020167,442 Main Street,Prime National Bank,4111729063836666,07/30,351,Blocked,Phishing
ae48188e-4d1e-4a92-b0f1-2d5368eb4fd7,James Taylor,james.taylor999@example.com,+13180315692,682 Main Street,Global Trust Bank,3000483814415434,07/29,641,Blocked,Phishing
1ee768c5-60b3-490d-bfba-2576b446007e,Jennifer Taylor,jennifer.taylor447@example.com,+14608241223,817 Main Street,Metro Capital Bank,3000279643657175,02/26,127,Active,SQL Injection
a7c366cd-5a5d-48ad-869b-359ef41aa77c,James Anderson,james.anderson910@example.com,+12807786818,650 Main Street,Global Trust Bank,3000153703000409,03/27,146,Blocked,Malware Attack
f809b9b8-f575-4d2b-823a-413ba3ef7b44,James Thomas,james.thomas574@example.com,+16141780197,169 Main Street,Global Trust Bank,3400541221643571,08/28,892,Active,Malware Attack
fa05a6c7-15f5-4bdb-a566-bafac93f55d0,John Johnson,john.johnson515@example.com,+15728112641,240 Main Street,Global Trust Bank,3000969351257210,03/26,713,Expired,Phishing
8e3b8302-cb13-4dde-b17f-9a85b85b7794,William Thomas,william.thomas565@example.com,+18436312742,381 Main Street,Metro Capital Bank,3400754296260662,03/29,849,Active,Malware Attack
bc598350-716c-4e6f-9a30-b5696cdd505e,Elizabeth Smith,elizabeth.smith686@example.com,+14344034158,414 Main Street,Unity Finance,3000114319872719,02/26,953,Blocked,Phishing
6a5fac64-325b-4414-94f9-05fcfb7e338d,Mary Harris,mary.harris415@example.com,+16419110738,588 Main Street,Unity Finance,3000619170528870,09/30,889,Blocked,Insider Leak
1cf58610-d3a6-4c36-b159-eb1e5afd7f86,Linda White,linda.white605@example.com,+17606601820,251 Main Street,Global Trust Bank,3000716280649946,01/28,802,Active,Phishing
7f421eda-5993-441e-b8e3-c9ef7ea8dbc2,Michael Mwangi,michael.mwangi844@example.com,+13639975117,620 Main Street,Global Trust Bank,3400828866131041,05/29,117,Blocked,Malware Attack
44e4f22c-47b2-49f5-a8d4-bf662e6e39d9,Linda Johnson,linda.johnson953@example.com,+18024172702,999 Main Street,Unity Finance,4111304957300200,07/26,292,Active,SQL Injection
c3f6ac60-e659-4930-9f40-6771ba30f456,Jennifer Jackson,jennifer.jackson316@example.com,+19825759671,121 Main Street,Metro Capital Bank,4111034108382067,07/30,789,Active,Phishing
5f049e85-5658-40f7-b599-cb8ec2adb198,Elizabeth Jackson,elizabeth.jackson166@example.com,+11052871002,292 Main Street,Global Trust Bank,4111241701793826,01/27,640,Expired,Phishing
900eed42-f988-411b-b54f-03827175003e,Mary Brown,mary.brown952@example.com,+15679278629,903 Main Street,Unity Finance,3000825198027443,04/29,493,Expired,SQL Injection
98739a9e-4a42-4ce1-a8c0-e58f99700bcb,Elizabeth Brown,elizabeth.brown583@example.com,+15045546505,305 Main Street,Prime National Bank,5500896784690196,06/27,230,Active,SQL Injection
e6e5be5f-a512-44e8-a576-04329211164f,Mary Smith,mary.smith708@example.com,+17173002359,874 Main Street,Global Trust Bank,3400199494234458,08/29,785,Active,SQL Injection
a5b007e3-cd3e-49ce-8b6a-af01da70b429,James Brown,james.brown332@example.com,+17520319782,295 Main Street,Metro Capital Bank,5500533523967440,08/26,712,Expired,SQL Injection
59f6e40f-e7a8-4e84-b532-621e001cf067,Robert Thomas,robert.thomas485@example.com,+14590210380,363 Main Street,Prime National Bank,4111598779185049,12/29,554,Expired,SQL Injection
0e84759c-fe81-4c2b-8431-474b5246ac8a,John Jackson,john.jackson309@example.com,+16859472335,195 Main Street,Prime National Bank,4111608927803190,11/26,662,Blocked,Malware Attack
c99d375f-639f-4533-8010-141efa997cdb,Linda White,linda.white234@example.com,+17602474075,464 Main Street,Global Trust Bank,4111432043652314,08/30,145,Active,Malware Attack
d07196ff-a0db-4d5c-849c-c79e9aae8efb,John Mwangi,john.mwangi688@example.com,+15387448131,181 Main Street,Unity Finance,4111368782069355,11/28,973,Active,SQL Injection
45be4e4c-d86a-4a59-97f7-426d0ceb337b,John Jackson,john.jackson302@example.com,+14634183883,287 Main Street,Prime National Bank,3000868963775014,01/29,251,Blocked,Malware Attack
992b0a4f-870d-4882-a429-fa094ef18493,Patricia White,patricia.white400@example.com,+11935228956,990 Main Street,Global Trust Bank,5500602132378688,07/28,970,Expired,Phishing
05115495-0882-4012-a3f2-eacde981ef06,John Taylor,john.taylor515@example.com,+19410159387,250 Main Street,Unity Finance,4111020039630408,09/27,944,Active,SQL Injection
c5a1a4bb-3b9c-426e-a0ba-b9af9e667a67,William Mwangi,william.mwangi975@example.com,+13391382848,637 Main Street,Metro Capital Bank,4111372140626511,05/26,761,Active,SQL Injection
09dd20b6-aec9-4ba3-b596-2ec196a04bf5,James Taylor,james.taylor756@example.com,+12605442154,859 Main Street,Prime National Bank,3400534535756345,10/28,286,Expired,Malware Attack
80d5c5b7-b89d-4f3c-8b52-6af3d15a3942,Mary Brown,mary.brown86@example.com,+19221410225,397 Main Street,Global Trust Bank,3400648706453040,03/28,759,Active,Phishing
a2424bfd-e746-4619-9942-ee5fb125d972,Patricia Taylor,patricia.taylor980@example.com,+10801070246,714 Main Street,Metro Capital Bank,5500043150041344,04/27,989,Blocked,SQL Injection
fa285013-7a77-4440-a6d3-b0f713f00082,Linda Harris,linda.harris661@example.com,+11249825011,757 Main Street,Prime National Bank,3400594103127175,10/30,630,Blocked,Malware Attack
14cc1bf6-6af4-4734-952b-c80cc3e2c48e,Mary Anderson,mary.anderson401@example.com,+18730336371,838 Main Street,Metro Capital Bank,4111347879336742,08/30,996,Expired,SQL Injection
0680bdc1-352e-4b0b-aa9b-27b713a6a6dc,Robert Harris,robert.harris818@example.com,+12694058106,963 Main Street,Unity Finance,5500727041012861,07/26,137,Expired,Malware Attack
f71a8e57-4376-44e3-89e1-2f24463864ea,Robert White,robert.white532@example.com,+14667173322,522 Main Street,Global Trust Bank,5500239488306434,07/28,667,Expired,SQL Injection
747fcbfe-f0f1-4c4d-8e6e-3f2a4ad442db,James Jackson,james.jackson598@example.com,+12542863462,128 Main Street,Metro Capital Bank,3400470611049455,02/29,182,Active,Phishing
a52e0369-2414-45d9-ac76-5157f1df919d,Elizabeth Smith,elizabeth.smith692@example.com,+15763439122,156 Main Street,Prime National Bank,3400179931813908,12/26,658,Active,Malware Attack
13b95cd2-16d6-4ad5-aef3-bea00e908c57,James White,james.white152@example.com,+17867242512,879 Main Street,Global Trust Bank,4111897942963915,05/30,826,Blocked,SQL Injection
c1865f19-9217-4dfd-a631-4e8d8d4822b0,William Thomas,william.thomas319@example.com,+14472304198,483 Main Street,Prime National Bank,5500701909658346,01/27,102,Blocked,Insider Leak
6c13ecae-9a3c-40d8-9f1f-e56518589f77,Robert Mwangi,robert.mwangi752@example.com,+17698216276,114 Main Street,Global Trust Bank,5500111170166453,04/28,866,Active,Phishing
52fc0ab8-1cf0-41ba-a18b-10d8c03f9746,Linda Mwangi,linda.mwangi674@example.com,+16740617424,382 Main Street,Metro Capital Bank,3400580705058542,01/26,397,Expired,Phishing
dfeb6de8-d139-4337-a372-3f4b3ffff450,James Thomas,james.thomas768@example.com,+19322345489,967 Main Street,Global Trust Bank,4111197079583528,03/27,489,Expired,Malware Attack
5a3e9dd3-1008-4443-a969-9d9a4fe43ba6,John Mwangi,john.mwangi691@example.com,+10221910889,217 Main Street,Global Trust Bank,3000654319989123,12/28,385,Blocked,Phishing
f472c7d4-4bae-43a1-8fb7-c598f48617ca,William Smith,william.smith88@example.com,+14968699825,386 Main Street,Prime National Bank,5500854943547968,02/27,418,Active,Phishing
d1dd51e9-c390-440e-874c-8a4206217284,Robert Johnson,robert.johnson766@example.com,+11454313853,900 Main Street,Prime National Bank,3400118273156290,07/30,393,Active,Insider Leak
fcca3595-6bb3-4b23-aa00-efded99fbd6f,Elizabeth White,elizabeth.white477@example.com,+10594195430,500 Main Street,Global Trust Bank,3400921669098674,02/29,602,Blocked,Phishing
e5b7e262-72d8-4c61-a36a-0903fca39cfd,William Jackson,william.jackson208@example.com,+18121765743,936 Main Street,Unity Finance,3000442382548256,09/27,749,Active,Malware Attack
f02393e2-9f06-4ef7-a711-b41eb536f06a,Patricia Smith,patricia.smith404@example.com,+11030486108,791 Main Street,Metro Capital Bank,3400947203778825,05/30,409,Expired,SQL Injection
24e52174-0c69-4d98-9b2c-e397839afcba,William Taylor,william.taylor713@example.com,+10337409853,962 Main Street,Unity Finance,3400665975190673,02/28,228,Blocked,Insider Leak
18480412-28b9-429a-a611-2301025bd1a5,Michael Thomas,michael.thomas917@example.com,+17594433746,638 Main Street,Prime National Bank,5500491183011721,05/26,157,Expired,Phishing
7a27447a-d9d0-40c4-9b5d-6d3555f371d1,Mary Thomas,mary.thomas87@example.com,+15346260032,181 Main Street,Unity Finance,5500984647025207,08/30,832,Blocked,Phishing
628284c3-043c-4e74-8346-df1faec83f46,Michael Johnson,michael.johnson76@example.com,+11139941838,857 Main Street,Prime National Bank,3400623535211431,03/28,642,Expired,SQL Injection
7063735a-9e32-498e-b87e-31445d3eef63,Elizabeth Jackson,elizabeth.jackson297@example.com,+10626699813,701 Main Street,Prime National Bank,3400659331353673,07/28,385,Active,Phishing
7f64198e-8039-4625-be90-e79be39a4e43,Robert Brown,robert.brown461@example.com,+17387545670,245 Main Street,Prime National Bank,5500626754573416,08/27,609,Blocked,Malware Attack
25c25833-259c-4244-8700-13272d234f2f,Patricia Thomas,patricia.thomas390@example.com,+13086660504,644 Main Street,Global Trust Bank,3400074309986644,06/30,924,Blocked,Insider Leak
2b619a6a-bbde-4c01-96fc-30302cabb218,James Harris,james.harris5@example.com,+16052364085,914 Main Street,Unity Finance,3000438933364104,01/28,613,Blocked,Phishing
079f8318-cf81-4f70-94d9-d4ecc2409c19,William Brown,william.brown193@example.com,+14822821222,579 Main Street,Global Trust Bank,3400264995194393,01/29,316,Blocked,Insider Leak
832c3152-4b91-432b-91db-5cd7f214ad54,Mary Jackson,mary.jackson569@example.com,+16972696152,699 Main Street,Unity Finance,5500118394112241,04/27,139,Active,Phishing
eff5c285-4d55-404e-8f7d-d5442f66d8ad,Michael Taylor,michael.taylor308@example.com,+17980414498,928 Main Street,Global Trust Bank,3400979694805820,07/29,206,Expired,Phishing
93ac5f5c-2c9a-4ece-835b-bf0a3d6a7a31,Elizabeth Taylor,elizabeth.taylor186@example.com,+14919632415,561 Main Street,Unity Finance,4111695129906723,07/27,453,Expired,Malware Attack
495ac8de-a823-42f7-9475-a36fab86b2e7,Elizabeth Mwangi,elizabeth.mwangi726@example.com,+16900331181,885 Main Street,Prime National Bank,3400648360368910,07/26,426,Blocked,Phishing
6f028e0a-b785-4f0e-a25c-2f7198479338,James Jackson,james.jackson850@example.com,+17336341344,435 Main Street,Unity Finance,3400265238217813,06/28,281,Blocked,Insider Leak
f51c86c9-72c8-4c6c-a26f-d2d918c20ec3,Michael Anderson,michael.anderson997@example.com,+11881170736,932 Main Street,Global Trust Bank,4111023049510732,07/30,530,Active,Insider Leak
7f37acc2-f1d0-492b-8c1a-7028e8b94b8b,Jennifer Anderson,jennifer.anderson639@example.com,+13168818894,841 Main Street,Prime National Bank,4111051952534308,04/27,681,Active,Phishing
ab6f8dbc-a02b-4c2b-881f-4d45fa960b2f,Elizabeth Taylor,elizabeth.taylor336@example.com,+11698176540,876 Main Street,Global Trust Bank,4111703965761384,07/29,319,Expired,Malware Attack
078aa9af-0777-4779-9265-88bbca29a018,Jennifer Anderson,jennifer.anderson833@example.com,+19272095522,476 Main Street,Unity Finance,3400981983368819,01/29,107,Active,Malware Attack
6ac9bb4d-06f5-41ea-a2c9-9b390d12956c,Linda Johnson,linda.johnson985@example.com,+13569864443,389 Main Street,Metro Capital Bank,3000832882602101,04/30,579,Expired,Insider Leak
4443f453-3906-401a-b686-7855d9222842,Patricia Anderson,patricia.anderson605@example.com,+11477093305,574 Main Street,Metro Capital Bank,4111227586851997,03/27,542,Expired,Malware Attack
be5dce3b-f16c-42fc-a2b8-5afe361d83c3,Linda White,linda.white563@example.com,+18025664328,950 Main Street,Metro Capital Bank,3400120123941818,11/26,358,Active,SQL Injection
8336c45f-c3f0-4934-8841-2537d60c01fd,James Thomas,james.thomas924@example.com,+16651904424,689 Main Street,Global Trust Bank,3400190778898061,11/29,779,Active,Insider Leak
e96560cc-9aa6-4bc1-b598-b54855216023,Robert Smith,robert.smith868@example.com,+13962722026,498 Main Street,Global Trust Bank,3000272949339747,12/29,168,Expired,SQL Injection
26a0b90c-d7cd-4de3-b3ce-803792a73344,William Smith,william.smith454@example.com,+14898254202,497 Main Street,Metro Capital Bank,3000441038677337,07/26,195,Blocked,Phishing
73e72658-2682-4c47-9dbd-bedd75269d28,Linda Thomas,linda.thomas135@example.com,+19003495824,681 Main Street,Unity Finance,3400966238163968,08/29,764,Expired,Phishing
cab00f91-7d1c-4ae1-8465-8ed8b6d4d602,Elizabeth Smith,elizabeth.smith205@example.com,+15427087511,562 Main Street,Prime National Bank,3000556825979368,06/27,775,Active,Malware Attack
5bb053c1-dc22-44cc-b66b-1946fcdf4190,Michael Smith,michael.smith715@example.com,+19597356779,923 Main Street,Metro Capital Bank,4111132640973156,07/28,420,Blocked,SQL Injection
efdaee72-1b5d-449c-8317-bdf1b2fd6ee5,William Thomas,william.thomas207@example.com,+10701270590,178 Main Street,Global Trust Bank,5500093365961918,09/27,573,Active,Malware Attack
332c0616-56ff-4957-bab9-4df8832818f5,Jennifer Taylor,jennifer.taylor223@example.com,+10828737426,641 Main Street,Prime National Bank,3000482278211204,01/26,908,Expired,SQL Injection
ed6f9a1d-0ce6-4a6f-8b06-0ed770ad0471,Patricia Smith,patricia.smith151@example.com,+15208923816,545 Main Street,Global Trust Bank,5500377787267607,12/26,342,Blocked,Phishing
dc0aaafc-cbb9-41ec-9cbf-6681786f5749,Jennifer Jackson,jennifer.jackson667@example.com,+13430161357,743 Main Street,Global Trust Bank,5500462087081563,01/26,968,Active,SQL Injection
7b5601c7-e210-40c0-b2a1-9428b7e9a820,Michael Johnson,michael.johnson775@example.com,+15293237631,186 Main Street,Global Trust Bank,5500084677976726,03/27,122,Expired,SQL Injection
00d8add8-2a4f-494d-9b96-969517c04427,Linda Anderson,linda.anderson867@example.com,+18916654417,210 Main Street,Prime National Bank,3400099603673239,12/26,446,Active,Malware Attack
8ae9a804-8370-4234-88e8-0fce5edf6d93,Elizabeth Brown,elizabeth.brown98@example.com,+11311317849,198 Main Street,Global Trust Bank,3000637277943862,04/29,811,Active,Phishing
d22647bb-d51a-49ff-8aee-d53c8aad9d00,James Harris,james.harris314@example.com,+12662488442,397 Main Street,Unity Finance,3000840734125167,07/26,706,Expired,SQL Injection
65e8d2fa-75ad-47f7-b94d-aa12ca656853,John Brown,john.brown106@example.com,+14197447734,735 Main Street,Global Trust Bank,3400146055994352,04/28,849,Blocked,Insider Leak
3ef87bf0-4887-4929-a968-7f4942b6ca41,Mary Taylor,mary.taylor794@example.com,+18486013115,970 Main Street,Unity Finance,3000275178267572,02/30,971,Blocked,Phishing
775cea25-1f8a-4f2c-be0e-8dca7082f3fe,William Taylor,william.taylor375@example.com,+17224643452,122 Main Street,Global Trust Bank,3000551187472697,07/30,119,Active,Phishing
20cb2479-eff0-4924-bc0c-1fb33f781285,Elizabeth Thomas,elizabeth.thomas612@example.com,+16471753402,668 Main Street,Prime National Bank,3000136969364744,12/26,109,Blocked,Insider Leak
140cb6b4-a1e0-4bbb-9eba-1e19d20be42e,Jennifer Jackson,jennifer.jackson556@example.com,+10197150821,598 Main Street,Global Trust Bank,3400441449801796,10/29,867,Blocked,SQL Injection
7a750012-f1ea-4b11-a2b5-00dba3c8699c,Linda Taylor,linda.taylor931@example.com,+18526524101,854 Main Street,Metro Capital Bank,3400904944821341,10/26,430,Blocked,Phishing
e3c5ca9c-b2d3-461c-83f2-f2dc09492317,Michael White,michael.white581@example.com,+10300529766,614 Main Street,Metro Capital Bank,3000762400633235,11/27,874,Expired,Malware Attack
1ad06ec1-af14-4a57-ae96-2ebcfa7106e7,John Smith,john.smith662@example.com,+12282146190,323 Main Street,Global Trust Bank,3400201327798617,10/30,905,Expired,Insider Leak
8ca79c4c-10ac-42c2-8efe-9b130fc2d041,James Mwangi,james.mwangi174@example.com,+18263268549,935 Main Street,Prime National Bank,4111248288579598,04/27,659,Expired,SQL Injection
9ffb2670-c3b8-43d7-b079-68d6e4bba371,Patricia White,patricia.white621@example.com,+13713868297,510 Main Street,Global Trust Bank,3000154990703860,09/28,760,Active,Insider Leak
5365008e-d11d-4aa1-9690-a1eb80c2fb33,Elizabeth Brown,elizabeth.brown158@example.com,+14968833418,803 Main Street,Metro Capital Bank,4111203672186688,12/27,644,Blocked,Insider Leak
9a209712-21de-441c-82b6-8df6a4a0574b,Elizabeth Mwangi,elizabeth.mwangi631@example.com,+19374047119,127 Main Street,Unity Finance,3000308601059187,10/29,810,Active,Phishing
cf082ed6-4b28-4c7c-82ba-aa8d0eb63f82,William Smith,william.smith929@example.com,+13400041638,567 Main Street,Prime National Bank,4111511901973399,04/27,635,Expired,Malware Attack
c4f4636e-43dc-4034-a0b7-8c32f0f263ec,Jennifer Mwangi,jennifer.mwangi229@example.com,+15013691873,146 Main Street,Metro Capital Bank,5500359190745387,11/28,980,Active,Insider Leak
19a136e5-1a0b-4f27-80c0-eaa4fedc8704,Jennifer Anderson,jennifer.anderson384@example.com,+11128805525,104 Main Street,Prime National Bank,4111584053430753,11/27,496,Expired,Insider Leak
beec1f40-0039-4528-8e8e-8fed8e5bf14f,Mary Anderson,mary.anderson454@example.com,+17261506149,329 Main Street,Global Trust Bank,5500417974163270,09/28,912,Expired,SQL Injection
30ebd4b7-7187-4f35-9a6a-786bce57212a,Michael Thomas,michael.thomas471@example.com,+10167876936,578 Main Street,Unity Finance,3400777098481644,11/30,758,Expired,Phishing
ac37039d-f016-4c43-960b-dd89a3ce4d09,Patricia Anderson,patricia.anderson541@example.com,+11049228975,153 Main Street,Global Trust Bank,4111568364584849,10/27,170,Expired,Malware Attack
28937dab-994c-4506-a8e7-13e9d74b0449,Mary Johnson,mary.johnson790@example.com,+13090209549,658 Main Street,Metro Capital Bank,5500153508114505,01/28,132,Active,Malware Attack
07c38e78-119a-4a07-8a6f-3a120bb54f16,Linda Thomas,linda.thomas492@example.com,+16614502888,971 Main Street,Metro Capital Bank,5500177705155152,10/27,746,Expired,SQL Injection
42874b64-090d-4ed4-8215-7011a9fbb79c,Patricia Jackson,patricia.jackson182@example.com,+19172488437,704 Main Street,Global Trust Bank,4111616637963790,05/27,939,Blocked,Malware Attack
45af6cdf-ffde-4031-99f0-36eaf580cb07,Linda Taylor,linda.taylor211@example.com,+19228435715,994 Main Street,Metro Capital Bank,4111726794269319,05/29,984,Active,Phishing
3d460ae8-b80b-4575-9177-a08424d17f2e,William Mwangi,william.mwangi99@example.com,+16734124442,278 Main Street,Metro Capital Bank,5500785070841717,09/30,797,Active,Insider Leak
bd1fc263-fdb5-402a-964c-e5e590740189,Elizabeth Brown,elizabeth.brown36@example.com,+16413019155,642 Main Street,Prime National Bank,5500818390515309,03/28,129,Expired,Insider Leak
ab382bee-f50f-4ff0-ba56-9798a1a3c7b6,Mary Taylor,mary.taylor755@example.com,+15997919136,367 Main Street,Metro Capital Bank,3000752090002982,03/27,283,Blocked,Insider Leak
64a85832-6b07-44c4-aa1c-4e93844a7919,John Smith,john.smith721@example.com,+12108847685,420 Main Street,Unity Finance,3400358205682371,12/26,501,Active,Malware Attack
61ab3500-36e3-484d-b17f-8bb5948854a8,Elizabeth Anderson,elizabeth.anderson17@example.com,+10439631497,924 Main Street,Unity Finance,3000877248329061,03/28,522,Blocked,Malware Attack
e68258b3-798a-4224-8bfe-93791c16f15f,Elizabeth Smith,elizabeth.smith874@example.com,+17725452096,133 Main Street,Global Trust Bank,3400665139236867,10/30,742,Expired,Phishing
5f977ab4-a451-45bd-8112-0aca6cbe78c1,Jennifer Thomas,jennifer.thomas851@example.com,+16211626717,840 Main Street,Global Trust Bank,5500304997900566,12/28,262,Expired,SQL Injection
44ee78c7-b168-47c2-967c-6f2a32aef2f3,John Brown,john.brown1@example.com,+13288179937,242 Main Street,Global Trust Bank,3000824082826637,04/27,376,Blocked,Malware Attack
1068db19-c13c-434c-86e9-a8d7c553e255,William Mwangi,william.mwangi94@example.com,+18131820256,703 Main Street,Unity Finance,4111808556428948,04/27,928,Expired,Phishing
9d73268d-bb6f-4729-b36e-499802c679aa,Patricia Johnson,patricia.johnson977@example.com,+13102734241,661 Main Street,Global Trust Bank,3400050728049661,02/27,255,Expired,Phishing
9d75d0d2-e622-4b5a-9cd1-139fb935ebe3,John Johnson,john.johnson741@example.com,+17228979177,691 Main Street,Global Trust Bank,3000444604030273,07/28,460,Expired,Phishing
3f13b82c-923b-4eac-8e70-92fb8d819166,Patricia Thomas,patricia.thomas150@example.com,+15240548762,304 Main Street,Global Trust Bank,5500791954375395,06/29,692,Blocked,Malware Attack
dc9246bc-8d27-4da5-bc15-6c33e47f8b82,Linda Brown,linda.brown679@example.com,+14108267181,349 Main Street,Metro Capital Bank,4111707524635378,11/28,513,Blocked,Malware Attack
76b99b40-a323-438a-a049-3c5e6a573f09,Jennifer Jackson,jennifer.jackson284@example.com,+15415805378,525 Main Street,Prime National Bank,4111643144175684,09/26,108,Expired,Phishing
d2893ef4-dbaa-42d0-8372-10d67f4664cd,Linda Anderson,linda.anderson766@example.com,+12029015768,922 Main Street,Unity Finance,3000677725079136,02/26,739,Active,Phishing
657ecef5-5067-41c7-804f-8ce9181884c7,Elizabeth Thomas,elizabeth.thomas698@example.com,+11563769567,145 Main Street,Metro Capital Bank,3400940547818669,01/28,485,Active,Malware Attack
ae6cc64d-3555-406b-a578-d0ffd0c5e45b,Robert Mwangi,robert.mwangi912@example.com,+11076340374,321 Main Street,Unity Finance,5500256292688138,06/27,113,Active,Phishing
98957352-7ddb-4a4f-a5f2-e7739f293036,William Mwangi,william.mwangi444@example.com,+10142919349,421 Main Street,Prime National Bank,5500630799220590,08/27,819,Active,SQL Injection
4aeebff4-62eb-40e2-8859-a1d5dbea5311,Mary Smith,mary.smith218@example.com,+15462214543,940 Main Street,Global Trust Bank,5500816036842034,07/26,327,Expired,SQL Injection
07fb9748-ddc9-4387-82d0-c60cabe7859c,Robert Thomas,robert.thomas894@example.com,+10996163079,167 Main Street,Metro Capital Bank,5500021936001884,10/30,369,Blocked,Insider Leak
3f57a334-47cc-414c-b6dd-abb95dc3bf0c,Michael Harris,michael.harris130@example.com,+16572683417,118 Main Street,Metro Capital Bank,3000521604565803,08/30,176,Active,Insider Leak
c0588fa5-1188-4062-8d58-21718f6b1473,Patricia Anderson,patricia.anderson543@example.com,+10922293391,493 Main Street,Prime National Bank,3400583263087509,09/27,784,Blocked,Insider Leak
2a12c91a-320e-46f0-88cc-77843317d37e,Elizabeth Johnson,elizabeth.johnson333@example.com,+15494825214,617 Main Street,Unity Finance,3000318812885019,07/29,771,Active,SQL Injection
1e0d94c6-5f32-4923-b228-e13594ede0f2,John White,john.white302@example.com,+13505029205,538 Main Street,Unity Finance,3400213061080920,02/27,445,Blocked,Insider Leak
20fd4db4-3618-48cb-9202-8438326483ba,Elizabeth Jackson,elizabeth.jackson450@example.com,+11537641273,806 Main Street,Unity Finance,4111898763365025,12/30,454,Blocked,Malware Attack
d9b58b9a-82b8-4b26-9efa-c88505df4efc,Elizabeth Johnson,elizabeth.johnson970@example.com,+15887476016,496 Main Street,Unity Finance,5500391936917490,07/29,423,Active,Insider Leak
c6d41b23-45f5-4f4d-a41c-ca1a90113cb3,Patricia Taylor,patricia.taylor432@example.com,+14160524140,171 Main Street,Prime National Bank,5500418460098378,01/30,117,Blocked,Insider Leak
2a07bfe1-49f8-4469-8ea9-a81ef075b29b,Michael Thomas,michael.thomas977@example.com,+17275331457,967 Main Street,Metro Capital Bank,3000179335798238,06/27,512,Blocked,Malware Attack
7a2716a6-c2c5-41e6-ba45-c5ab9b39559a,James Smith,james.smith639@example.com,+19919380836,353 Main Street,Prime National Bank,4111687868196894,12/27,958,Expired,Malware Attack
feaad061-ccd1-48eb-b616-097e237f2d96,Robert Jackson,robert.jackson941@example.com,+12644907454,829 Main Street,Global Trust Bank,3400739448185503,07/28,955,Active,Phishing
311d072c-42fa-45f3-85b5-8f8713a63411,Jennifer Smith,jennifer.smith719@example.com,+19152247701,839 Main Street,Global Trust Bank,5500589799194657,07/28,610,Expired,Phishing
b60ce947-dd86-4e71-93ad-1053255bfdb5,James Mwangi,james.mwangi667@example.com,+13165148939,849 Main Street,Unity Finance,4111121669298704,12/30,151,Blocked,Malware Attack
8b24667d-1dd6-4e1a-a10c-a56a8ccae28d,Michael Jackson,michael.jackson710@example.com,+13466593787,116 Main Street,Unity Finance,3000264290172812,05/28,925,Active,Insider Leak
0834f93e-36b7-459a-bf5b-901750f114b1,Patricia Anderson,patricia.anderson671@example.com,+10488607505,753 Main Street,Prime National Bank,5500267394168076,06/26,589,Expired,Malware Attack
954d5a53-4489-4ea4-b024-d4ff819a9451,Patricia Taylor,patricia.taylor163@example.com,+14017365975,577 Main Street,Metro Capital Bank,3000253456851191,12/27,278,Active,Malware Attack
2281f79b-5f68-47a6-b7b5-3051951a731a,Jennifer Harris,jennifer.harris495@example.com,+13522349461,554 Main Street,Metro Capital Bank,5500740707521637,06/30,385,Active,SQL Injection
31d4789a-694c-444c-bee2-73d54d993c0d,William Taylor,william.taylor206@example.com,+13726462384,169 Main Street,Unity Finance,4111471804810076,03/26,909,Active,Phishing
313dcb00-3360-4dd6-be92-5850ca56c336,Jennifer Taylor,jennifer.taylor705@example.com,+16096303848,450 Main Street,Unity Finance,4111292924798910,04/30,797,Active,Malware Attack
f64509d6-a4da-4675-a1f1-6742c3ea3a71,Mary Thomas,mary.thomas614@example.com,+16918870823,364 Main Street,Prime National Bank,3000825212163629,12/27,736,Blocked,Insider Leak
98ea0176-6705-4edf-8e43-5c36cbda3f3c,William Mwangi,william.mwangi503@example.com,+15489339648,920 Main Street,Unity Finance,3400160685846935,09/28,940,Active,SQL Injection
03a2c512-5d98-4739-8847-cbe8daf47c1f,Linda Brown,linda.brown236@example.com,+14211925704,451 Main Street,Prime National Bank,3400805261100994,11/26,645,Blocked,SQL Injection
17a52ff5-dc9f-4a78-9cf9-23acf775409b,Patricia Thomas,patricia.thomas589@example.com,+19930652407,741 Main Street,Prime National Bank,3000798272039647,10/26,527,Active,SQL Injection
90e6a24d-e38d-4566-8ed4-259f90d7883e,Mary Harris,mary.harris465@example.com,+19247484907,296 Main Street,Metro Capital Bank,3000361323968165,03/27,645,Active,Insider Leak
0d1e54ff-5485-4613-bcc6-a7debdf6c00c,James Johnson,james.johnson771@example.com,+14654567524,725 Main Street,Prime National Bank,3400109264522908,01/29,247,Expired,Insider Leak
65ef0439-d1b9-404d-86b2-5c153b16826f,Elizabeth Harris,elizabeth.harris216@example.com,+11305014675,535 Main Street,Metro Capital Bank,3400250415966170,08/29,607,Active,Insider Leak
33c62172-ecd5-4690-8da4-8164f5b35ca1,Jennifer Jackson,jennifer.jackson716@example.com,+13535603691,694 Main Street,Global Trust Bank,3000558847246267,06/28,112,Blocked,SQL Injection
8141dea5-6896-4b5a-9212-0bcf30097ad8,Elizabeth Brown,elizabeth.brown533@example.com,+15223001944,814 Main Street,Prime National Bank,4111011468686457,03/26,732,Expired,SQL Injection
76e47f9a-cd0d-4ec9-a370-885bb7d2128f,Mary Smith,mary.smith294@example.com,+14968608006,572 Main Street,Prime National Bank,3000643848790147,06/26,275,Expired,SQL Injection
bebfb6f9-9f47-4b0e-b842-a4faf26f12f1,Elizabeth Mwangi,elizabeth.mwangi578@example.com,+15001772993,926 Main Street,Global Trust Bank,3000494992794697,05/30,793,Active,Phishing
af473c90-44a5-4224-8ec0-08180fab3153,James Brown,james.brown626@example.com,+12845716477,455 Main Street,Global Trust Bank,3000891372109667,03/28,474,Active,Insider Leak
f14b5694-017d-47b7-9413-094ff7a4419c,Patricia Brown,patricia.brown191@example.com,+13711912703,629 Main Street,Unity Finance,4111790914481190,06/26,429,Expired,Insider Leak
ce89be0f-603d-4a0f-87ef-087569ca8ab5,James Mwangi,james.mwangi21@example.com,+10313439418,239 Main Street,Metro Capital Bank,3000871426012439,11/27,798,Expired,SQL Injection
213e75a8-5e05-439b-ab7a-512c68609b2d,Jennifer Harris,jennifer.harris711@example.com,+14297427528,427 Main Street,Global Trust Bank,5500844784657872,05/29,507,Active,Insider Leak
b1b9300e-5219-46e6-87f1-c837661dff47,Elizabeth Mwangi,elizabeth.mwangi464@example.com,+16052121295,321 Main Street,Global Trust Bank,3000972977347614,05/27,225,Expired,Insider Leak
3bbc3b4e-aa96-4480-bafa-a77281a7e704,Robert Mwangi,robert.mwangi375@example.com,+19420479498,276 Main Street,Prime National Bank,5500806099204480,11/27,976,Active,Phishing
b22e8ace-2ab0-4db4-b71c-b29b932aa057,John Smith,john.smith431@example.com,+17786559246,183 Main Street,Metro Capital Bank,5500130808169553,03/26,708,Active,Insider Leak
7e627a7c-89d2-4d93-a0fb-bebdd67e1596,John Thomas,john.thomas941@example.com,+12724229828,412 Main Street,Unity Finance,3400135022380504,03/30,565,Expired,SQL Injection
a657e0f4-7f67-468c-a1e1-32441d3ee132,Jennifer Jackson,jennifer.jackson259@example.com,+18422020045,529 Main Street,Metro Capital Bank,5500834479606334,04/30,736,Expired,SQL Injection
66294f9d-e918-447b-9add-a15fad77bfee,John Anderson,john.anderson128@example.com,+11691809608,297 Main Street,Metro Capital Bank,5500255877297990,08/28,589,Active,Malware Attack
7c06dbc1-3d54-4c07-ac8f-15c9e0008d17,James Mwangi,james.mwangi858@example.com,+17544596321,731 Main Street,Metro Capital Bank,3000195526994859,11/30,866,Active,SQL Injection
38a4c8cb-bf01-46de-976f-a25aadd28f48,Linda Brown,linda.brown933@example.com,+12546169606,451 Main Street,Global Trust Bank,5500199378273431,01/27,526,Blocked,Phishing
40c64e9e-8f00-4b60-a9fa-9b808335c804,Mary Johnson,mary.johnson292@example.com,+14623438512,164 Main Street,Prime National Bank,5500382076616372,04/30,445,Expired,SQL Injection
17baee30-5b3b-4076-9fbf-b6984723a671,Elizabeth Johnson,elizabeth.johnson403@example.com,+14937530272,482 Main Street,Metro Capital Bank,3000556975805404,01/26,586,Expired,Malware Attack
0021cda5-80cc-4d62-af4e-9eb4094217c5,William Anderson,william.anderson697@example.com,+19969766318,634 Main Street,Global Trust Bank,5500005715491560,09/27,806,Blocked,Phishing
37bf694d-88ae-4371-991b-48381fed47f4,Linda Smith,linda.smith107@example.com,+14549733955,695 Main Street,Global Trust Bank,5500629698335788,12/28,360,Blocked,Malware Attack
63e4bb9f-76dd-48ba-a0b1-543efef1bacd,Patricia Brown,patricia.brown720@example.com,+17153142965,358 Main Street,Prime National Bank,5500315353864460,12/29,644,Expired,SQL Injection
64a407c7-0497-45fb-a461-2effa79b476e,Patricia Johnson,patricia.johnson287@example.com,+11715873807,359 Main Street,Unity Finance,3000734936594772,06/28,228,Active,Phishing
3059f8e3-69a4-4d0d-a79b-25b86e6894ca,John Harris,john.harris519@example.com,+12969946697,620 Main Street,Metro Capital Bank,4111669419816628,01/26,758,Active,Insider Leak
ca524cb0-d065-4856-b552-750931d142eb,Elizabeth Mwangi,elizabeth.mwangi334@example.com,+18368096532,173 Main Street,Global Trust Bank,3400774986524779,10/29,116,Expired,SQL Injection
8586713a-918a-40df-82d7-ee8bb26b6f92,Michael Taylor,michael.taylor827@example.com,+16426281151,557 Main Street,Metro Capital Bank,4111328550433039,11/29,640,Blocked,Malware Attack
754cb128-38e1-4cf1-adbf-4c11dff6c520,John Smith,john.smith87@example.com,+18834602325,895 Main Street,Global Trust Bank,5500236919003756,09/30,127,Active,SQL Injection
a366ba12-a7e8-4929-a173-478b84c2b2fd,Mary Harris,mary.harris529@example.com,+14267009537,891 Main Street,Prime National Bank,3400949891261529,06/28,784,Active,Phishing
888e0152-68ce-46c7-941d-7fb757db77bb,Elizabeth Smith,elizabeth.smith176@example.com,+13626008531,652 Main Street,Prime National Bank,5500202632886629,04/29,404,Blocked,Phishing
4c074fbc-68fb-42a1-be0d-803810678675,John Anderson,john.anderson813@example.com,+14198523824,243 Main Street,Unity Finance,4111067267825078,01/26,221,Active,SQL Injection
c9ee5d83-df17-47ef-938d-a326622098d0,Robert Mwangi,robert.mwangi625@example.com,+10371781803,793 Main Street,Unity Finance,5500987559780857,04/28,913,Blocked,Insider Leak
65d74651-a3fa-4ae5-ac07-1560326ce364,James Taylor,james.taylor302@example.com,+19377528079,733 Main Street,Metro Capital Bank,5500457988899811,08/30,935,Blocked,Malware Attack
ab0817ad-112b-4f01-b413-ebf443ed85d5,John Thomas,john.thomas338@example.com,+19729218152,855 Main Street,Global Trust Bank,3400144399260097,09/26,325,Expired,Malware Attack
042041e4-4ab8-448a-9c18-149eb04dcfc3,Michael Anderson,michael.anderson664@example.com,+12296916619,266 Main Street,Metro Capital Bank,3000325765112964,07/29,737,Blocked,SQL Injection
aba9e31c-bce0-4e75-b263-160bf0d09fd8,Mary Johnson,mary.johnson47@example.com,+19806514386,915 Main Street,Metro Capital Bank,4111365668699718,09/29,935,Expired,Insider Leak
6206ffaa-1593-4e08-a591-8aeb6d98cd9a,Linda Smith,linda.smith615@example.com,+16313428976,206 Main Street,Unity Finance,3400716449759982,06/26,497,Expired,Insider Leak
20dc615d-2a41-4b1a-a28a-531de6e65470,Mary Brown,mary.brown546@example.com,+13427042078,986 Main Street,Prime National Bank,3400623514905850,12/27,787,Active,Malware Attack
45fe0d27-d191-4802-9249-5a11bb1f8b62,Elizabeth White,elizabeth.white571@example.com,+14322348124,137 Main Street,Unity Finance,3400291078624345,06/29,970,Active,Malware Attack
99066bb7-a2f8-49d3-9417-323ee691853e,Michael Taylor,michael.taylor239@example.com,+16540238757,799 Main Street,Metro Capital Bank,4111503223917678,11/28,594,Active,Phishing
9fe84f86-3920-4ff2-81b6-8f97c0c0d5f3,Michael Mwangi,michael.mwangi890@example.com,+16634521570,464 Main Street,Unity Finance,5500951571400980,10/26,131,Expired,Insider Leak
ddf02859-3be5-4bb8-ab71-bf076012dfef,James Thomas,james.thomas360@example.com,+14611761306,473 Main Street,Prime National Bank,3000339581577223,08/29,381,Active,Malware Attack
cd1424b8-0cd4-4b99-ad2c-25e48b09a98a,Patricia Thomas,patricia.thomas842@example.com,+11604456295,601 Main Street,Unity Finance,3400220086113756,07/28,117,Active,Malware Attack
9e38d807-3112-459b-b1df-4a3344dbe693,Patricia Thomas,patricia.thomas459@example.com,+10226271870,564 Main Street,Metro Capital Bank,5500290007558439,01/26,176,Expired,Insider Leak
5b824e25-bbb5-4c7d-803c-ccc0961ba6c8,Jennifer Anderson,jennifer.anderson255@example.com,+17924891943,634 Main Street,Metro Capital Bank,5500032608804075,04/28,121,Expired,Phishing
389e0b4d-295a-4039-9a46-77c88262b4ad,Patricia Mwangi,patricia.mwangi546@example.com,+11456397694,436 Main Street,Unity Finance,3000992518300927,01/27,850,Blocked,Malware Attack
593cda10-73ef-4ea7-9f1b-e2ce9a0bbdb8,Robert Anderson,robert.anderson935@example.com,+12417416634,222 Main Street,Metro Capital Bank,5500747711630966,03/26,513,Blocked,Malware Attack
ca6c2892-eb4b-4bb5-aec7-d819dba0dc46,John Brown,john.brown809@example.com,+14142694322,725 Main Street,Metro Capital Bank,4111297575838679,01/28,417,Active,Malware Attack
18d48bc0-139a-44cc-9341-26f4e6112e76,Michael Thomas,michael.thomas59@example.com,+15827691704,157 Main Street,Global Trust Bank,3000122920590612,07/30,233,Expired,Malware Attack
52936df6-83bb-4abf-9390-37090ca62e4d,Elizabeth Smith,elizabeth.smith497@example.com,+12093557293,168 Main Street,Global Trust Bank,3400092473819818,07/29,195,Expired,Malware Attack
cdeb68a6-2bb9-4445-b428-0bea5dd8c80d,Mary Harris,mary.harris974@example.com,+16311519433,705 Main Street,Unity Finance,3000162067284847,02/28,355,Active,Insider Leak
b44b3df3-aee0-4061-a615-1a488b4ca680,Elizabeth Smith,elizabeth.smith971@example.com,+19782681166,911 Main Street,Global Trust Bank,3000933743375403,10/26,570,Blocked,Malware Attack
0f3e2b0e-d6cf-4b07-bb32-983872fe29a9,Linda Johnson,linda.johnson716@example.com,+14159986739,374 Main Street,Prime National Bank,3000986939669482,10/30,323,Active,Malware Attack
0bebba12-a456-4e10-9b23-3d3a4d732343,Patricia Taylor,patricia.taylor30@example.com,+11880178094,281 Main Street,Metro Capital Bank,5500328744283244,11/26,821,Active,SQL Injection
9497ae62-4b2b-4ff1-8dfb-9686b7e169d1,Linda Thomas,linda.thomas347@example.com,+15805923693,486 Main Street,Prime National Bank,4111491408920954,10/27,316,Expired,Malware Attack
bb7d5e90-ee13-48a4-8458-237f74ff94ef,Michael Taylor,michael.taylor973@example.com,+17790277151,861 Main Street,Prime National Bank,3400147184561421,10/28,932,Active,Insider Leak
8c53eef6-98c2-4478-ac5d-1cc7ce7bf47d,Michael Anderson,michael.anderson934@example.com,+11684970323,772 Main Street,Prime National Bank,3000141617858450,11/26,989,Expired,Malware Attack
fa2d51ee-c6dc-46e4-b5c9-483cb27849bd,Robert Mwangi,robert.mwangi76@example.com,+12156379205,742 Main Street,Unity Finance,3400404353270541,10/28,582,Blocked,Phishing
92971c5f-e759-415a-91a1-c9b1fd123599,William Taylor,william.taylor36@example.com,+10071419716,530 Main Street,Metro Capital Bank,3000452697526550,05/27,332,Blocked,Phishing
214ff96f-ecbb-4fd0-8872-d84f2da45198,Michael Harris,michael.harris619@example.com,+15904708217,720 Main Street,Unity Finance,3000329120818987,12/27,977,Expired,Malware Attack
b4283e71-08f5-433a-94ea-1b2cc8dec62a,James Harris,james.harris800@example.com,+10233103871,205 Main Street,Metro Capital Bank,5500404885478450,07/30,677,Active,Insider Leak
806ef657-249d-4b2a-98ab-40fb7f13bb6d,Jennifer Thomas,jennifer.thomas604@example.com,+17814329594,600 Main Street,Unity Finance,3000280055463735,10/27,232,Active,Insider Leak
b965d10f-c161-449a-b1c6-914f30cdb906,James Jackson,james.jackson203@example.com,+15807610566,273 Main Street,Unity Finance,5500634922897425,12/30,896,Expired,SQL Injection
55cf2908-ac24-4723-89d1-c4cd8852ef90,Linda Smith,linda.smith451@example.com,+12680366392,176 Main Street,Unity Finance,5500806127898773,10/28,179,Active,SQL Injection
24a13ce0-9678-43f3-902e-4eea4c174b00,James Anderson,james.anderson14@example.com,+12425128606,283 Main Street,Global Trust Bank,3400834938749429,02/27,896,Expired,Malware Attack
3adbda72-739a-4425-81ed-e507fdece69b,Linda Brown,linda.brown968@example.com,+15108855023,427 Main Street,Global Trust Bank,3400957427704452,09/30,352,Blocked,SQL Injection
5dcca2f6-068b-462f-9984-18ed3557670c,Robert Taylor,robert.taylor332@example.com,+15284726071,265 Main Street,Unity Finance,3400276384412513,06/27,495,Blocked,SQL Injection
467e3d94-b873-48de-b3aa-e1cdaf182102,Patricia Mwangi,patricia.mwangi400@example.com,+10668850817,341 Main Street,Global Trust Bank,5500946989976460,12/29,643,Blocked,Malware Attack
5c9be527-423e-42af-ade6-e1e71a021e1c,Patricia Jackson,patricia.jackson24@example.com,+10607481771,224 Main Street,Global Trust Bank,3400094244985351,12/26,199,Blocked,Phishing
b6d28700-c3d5-42fa-96e0-e0609a65103b,William Jackson,william.jackson768@example.com,+13976060402,823 Main Street,Metro Capital Bank,3400167116042142,02/30,728,Blocked,Insider Leak
fcdd155c-3bac-474e-a1ed-0dd493425ed6,Patricia Harris,patricia.harris933@example.com,+16984929510,262 Main Street,Metro Capital Bank,5500028495831849,07/29,404,Active,Insider Leak
1190e16f-8587-4155-845f-1a0913bbdadf,Mary Johnson,mary.johnson991@example.com,+17418968631,929 Main Street,Prime National Bank,3000391802566182,03/27,150,Active,Phishing
7f3c1534-f0b0-49a1-8935-de1208ffae6a,Robert Brown,robert.brown430@example.com,+14627752186,988 Main Street,Global Trust Bank,4111611711007760,06/28,870,Expired,Malware Attack
9c763e71-063a-48ce-8360-16e2d5b8554a,Robert Johnson,robert.johnson732@example.com,+19278816049,243 Main Street,Prime National Bank,3000297549107427,04/28,548,Active,Insider Leak
5b829f4b-b70b-4d65-8efa-98fe159d1136,Elizabeth White,elizabeth.white938@example.com,+18174143527,177 Main Street,Metro Capital Bank,5500562216415667,03/27,968,Active,Phishing
470a8279-dcc8-4d6f-97dd-1e5f99188a1e,Elizabeth Jackson,elizabeth.jackson453@example.com,+18210328870,698 Main Street,Metro Capital Bank,3400629065904615,06/26,561,Blocked,Phishing
568e2eba-cfb2-424f-b50d-715671dd1b13,Michael Harris,michael.harris430@example.com,+19148108593,670 Main Street,Global Trust Bank,3000112023657122,01/29,555,Expired,Insider Leak
c71d1f5a-5b99-4b14-968c-bd1876e95284,John Jackson,john.jackson624@example.com,+12939191608,358 Main Street,Global Trust Bank,4111852064574160,02/29,615,Blocked,SQL Injection
0aa1426c-484f-4321-95d3-8de8812be2cf,Jennifer White,jennifer.white105@example.com,+10449036844,399 Main Street,Global Trust Bank,5500633433457112,12/27,308,Blocked,Phishing
c441d1b3-428b-4bbe-b4d6-34055ea543a9,Robert White,robert.white982@example.com,+15289443230,383 Main Street,Prime National Bank,3000535306197335,10/26,984,Expired,SQL Injection
774eb8e8-8ada-4968-9afc-ecfbcc1cf370,Elizabeth Smith,elizabeth.smith312@example.com,+16452258553,308 Main Street,Metro Capital Bank,5500152172691169,06/27,715,Active,Insider Leak
f3ab4e38-8705-4926-8e0a-8bd49336d656,John Brown,john.brown59@example.com,+12181329547,214 Main Street,Metro Capital Bank,3000591468862387,11/28,306,Blocked,SQL Injection
45124716-2bf6-45f4-a5b7-bd74177235a5,John Anderson,john.anderson25@example.com,+13654804517,250 Main Street,Global Trust Bank,5500489413431705,08/28,877,Blocked,Phishing
81f66ffd-b5a0-43df-8a88-30549531a15b,Elizabeth Anderson,elizabeth.anderson270@example.com,+14144456952,330 Main Street,Prime National Bank,5500470763667994,07/29,815,Expired,Insider Leak
5bf3348f-3b2e-4092-8571-505de0892a84,Elizabeth Johnson,elizabeth.johnson371@example.com,+13395519089,905 Main Street,Prime National Bank,3400317585921355,07/27,480,Expired,Phishing
5202adb2-c449-4cbe-8072-52c192cce805,John Taylor,john.taylor619@example.com,+12983414218,888 Main Street,Prime National Bank,3400539682754724,03/29,799,Expired,Insider Leak
f1a79d38-e458-4c65-a309-edb65183e0a7,James Smith,james.smith859@example.com,+14720074568,356 Main Street,Prime National Bank,3000926812614126,05/27,517,Active,Insider Leak
274b14fb-bfbf-4d58-b063-9ce4820f7fbb,Mary Smith,mary.smith905@example.com,+10173610011,306 Main Street,Global Trust Bank,4111345421370654,01/28,818,Expired,Phishing
4ccd3625-ead5-43bc-8ec7-8651ddf7a296,Jennifer Smith,jennifer.smith395@example.com,+16264294351,169 Main Street,Prime National Bank,3400153081003563,05/29,719,Expired,Phishing
550b7848-d473-4982-aa80-f7c3ed9dc1f6,Patricia Taylor,patricia.taylor697@example.com,+11288889452,669 Main Street,Prime National Bank,5500904213540233,03/30,926,Expired,Insider Leak
6d59dcb9-303e-4e91-8c01-9b14cc4b10be,Elizabeth White,elizabeth.white503@example.com,+14673308077,848 Main Street,Unity Finance,3000835135732387,08/26,391,Expired,Phishing
17adccbd-57dc-41f6-b5b6-521349b0830a,Patricia Smith,patricia.smith447@example.com,+18551092365,401 Main Street,Unity Finance,4111833684422479,09/27,594,Blocked,SQL Injection
937e28b0-c09e-46d2-9032-ccec3f376b42,Michael Harris,michael.harris836@example.com,+11771269080,817 Main Street,Global Trust Bank,3000349362955877,01/29,753,Active,Malware Attack
5736760d-a6e3-4c2c-b363-84cb297b5ba1,William Johnson,william.johnson331@example.com,+10530391664,944 Main Street,Global Trust Bank,5500458421734416,05/27,857,Blocked,Phishing
b51cefa4-790b-41f9-be42-97b599c8d1d0,William Taylor,william.taylor109@example.com,+15159977294,831 Main Street,Prime National Bank,3000675221618028,12/27,359,Active,SQL Injection
573eb55c-bf62-45c3-91e0-1228a6a02504,Elizabeth Anderson,elizabeth.anderson814@example.com,+13629097736,659 Main Street,Metro Capital Bank,4111832474876947,02/26,668,Expired,Phishing
fba6b680-3a1a-4d1e-918d-208edf75f6b7,James Thomas,james.thomas168@example.com,+14759494625,636 Main Street,Global Trust Bank,5500121571931896,09/28,476,Expired,Insider Leak
7157b115-ecd7-482f-99ca-10bcaf548c96,Mary Taylor,mary.taylor894@example.com,+14539894299,827 Main Street,Global Trust Bank,3400968682765885,09/30,986,Expired,SQL Injection
6f95e07d-cfd7-4e3f-a9e0-158ff38aca10,Jennifer Thomas,jennifer.thomas553@example.com,+10215032574,157 Main Street,Unity Finance,3400751001730641,10/26,679,Blocked,Malware Attack
75152b2b-a0d0-4293-896f-fd462a09cefc,Linda Smith,linda.smith135@example.com,+13464476017,208 Main Street,Global Trust Bank,4111038841589309,02/28,324,Expired,Malware Attack
c5a158dc-15eb-41a2-81ad-f7991565cb04,Linda Smith,linda.smith378@example.com,+10280648098,589 Main Street,Prime National Bank,4111738184087327,11/29,202,Expired,SQL Injection
13cac530-49ff-4e61-b329-622549a36533,John Mwangi,john.mwangi178@example.com,+13445047291,204 Main Street,Prime National Bank,3000766005157593,01/26,777,Active,SQL Injection
e4d4bfde-f028-418f-aaf1-377e53217074,William Taylor,william.taylor376@example.com,+13816616875,130 Main Street,Global Trust Bank,3000803329351737,07/27,222,Blocked,Malware Attack
9cdebc92-7f14-4204-bec0-66f1ef419da8,John Thomas,john.thomas765@example.com,+18695109818,699 Main Street,Metro Capital Bank,3000489801893258,07/29,616,Active,SQL Injection
51a33280-10ab-4c24-b521-3ac06a589d5c,Patricia Smith,patricia.smith911@example.com,+13754935727,127 Main Street,Global Trust Bank,5500444239230971,06/28,737,Blocked,Phishing
963c8f5d-e260-4134-b211-34a70afa1d05,Linda Smith,linda.smith150@example.com,+11139985047,686 Main Street,Metro Capital Bank,3000992525827102,08/27,751,Blocked,Insider Leak
30d74f36-d79e-4e1b-b1ec-48ef8af1f72b,Jennifer Taylor,jennifer.taylor22@example.com,+12226901241,570 Main Street,Prime National Bank,3400620439167802,12/27,379,Expired,Phishing
51138418-b184-431f-a1d4-166ebf719769,Elizabeth Mwangi,elizabeth.mwangi668@example.com,+14456437185,538 Main Street,Prime National Bank,3000450510884431,11/27,839,Active,Insider Leak
0afd3e27-a155-48a2-8520-a769fdbca740,Mary Jackson,mary.jackson476@example.com,+17249035706,224 Main Street,Global Trust Bank,3400060230986191,09/30,191,Active,Malware Attack
d2b33828-4277-4692-bc87-2e38e5eb4101,Michael Anderson,michael.anderson41@example.com,+18220592623,939 Main Street,Global Trust Bank,3000939339220039,07/26,475,Active,Malware Attack
2026eb66-0f62-4097-aabc-11f05a6c4857,James White,james.white385@example.com,+17282741571,896 Main Street,Prime National Bank,4111745411548067,09/30,891,Blocked,SQL Injection
8cb9a191-1983-4063-93d5-861123afe145,Mary Anderson,mary.anderson51@example.com,+16974240974,323 Main Street,Global Trust Bank,3000005967408943,04/26,928,Active,Insider Leak
9abfbf90-2d7d-40eb-92a6-c41f867927e0,Jennifer Thomas,jennifer.thomas144@example.com,+13080397398,721 Main Street,Prime National Bank,3400032997705075,03/29,752,Expired,Malware Attack
e6c9746a-faba-4fad-bda3-fb2f23b60ed8,Linda Mwangi,linda.mwangi924@example.com,+10251604015,569 Main Street,Prime National Bank,5500970550337035,02/28,262,Blocked,SQL Injection
79bdec39-790a-4aae-8bbb-cc1d2c800eef,Elizabeth White,elizabeth.white914@example.com,+10089010015,256 Main Street,Unity Finance,3000573748999321,03/27,556,Expired,SQL Injection
768cef61-0953-40f3-85b4-23b019172954,Robert Johnson,robert.johnson613@example.com,+15770145587,735 Main Street,Unity Finance,5500914250591953,04/27,195,Blocked,SQL Injection
cfa598e0-672a-4b7e-ae08-204b2d4c8b2e,Jennifer Mwangi,jennifer.mwangi709@example.com,+19018451393,768 Main Street,Unity Finance,3000286581521492,08/28,452,Blocked,Phishing
59b774ca-b7bc-4b17-a6b8-9beba4d6868e,Linda Thomas,linda.thomas76@example.com,+11952412085,979 Main Street,Prime National Bank,5500983040430155,02/28,732,Expired,Phishing
33cf0603-8df9-4ade-9d51-6ca98c01b38d,Linda Anderson,linda.anderson854@example.com,+18009243589,381 Main Street,Global Trust Bank,3400342834305927,04/29,877,Expired,Insider Leak
d0aeb618-69ac-421f-a12d-1aa18b1608f2,William Thomas,william.thomas399@example.com,+12633004248,646 Main Street,Unity Finance,3000296907471751,12/28,761,Expired,SQL Injection
b6444a72-6c31-47a0-85d1-0b5be448adc8,Patricia Thomas,patricia.thomas532@example.com,+16575128074,806 Main Street,Metro Capital Bank,4111670774755444,04/28,267,Blocked,Insider Leak
c6302bf6-2496-4fc3-ae39-9e17d605e8f5,Elizabeth White,elizabeth.white783@example.com,+13427138151,289 Main Street,Metro Capital Bank,4111653178505331,11/30,689,Active,Malware Attack
c6fb8e6b-6e10-4665-b5fa-193f165c8326,James Thomas,james.thomas50@example.com,+18432678575,850 Main Street,Prime National Bank,3000671798751308,04/30,558,Expired,Phishing
a42d09c9-c7cb-4321-98ef-b559261ff60e,John Brown,john.brown79@example.com,+19398426672,792 Main Street,Unity Finance,4111552338076359,12/30,269,Active,Malware Attack
2cec8b50-f223-401a-b768-73994c78297a,Michael Jackson,michael.jackson868@example.com,+13680786136,918 Main Street,Unity Finance,5500711262931276,02/29,118,Blocked,Phishing
ee6dfbf4-46f8-48fc-948c-3ccebcebde59,James Harris,james.harris345@example.com,+17475826726,399 Main Street,Unity Finance,3000654781345495,12/27,879,Blocked,Phishing
23b0ca7f-fb0a-42b2-9fa4-acdef0d3ef7f,Michael Anderson,michael.anderson668@example.com,+19828113264,593 Main Street,Global Trust Bank,3400373401911549,02/28,214,Blocked,Malware Attack
a1c05c70-7962-4b85-b46d-68edb0573587,Elizabeth Brown,elizabeth.brown905@example.com,+14879370727,970 Main Street,Metro Capital Bank,5500378366684812,10/29,764,Active,Phishing
dcb0f38c-0a64-4895-9d67-0e759c1d3c92,Mary Jackson,mary.jackson953@example.com,+13037483914,111 Main Street,Metro Capital Bank,5500383208722090,10/30,466,Expired,Insider Leak
c97605c2-0658-4c1a-9a21-a08b23c50c15,John Taylor,john.taylor251@example.com,+14840657850,522 Main Street,Prime National Bank,5500542026299058,10/28,540,Expired,Malware Attack
804650ac-34f7-4ca9-a843-022c32dd2fb5,John Anderson,john.anderson969@example.com,+18372791832,893 Main Street,Prime National Bank,5500310399083041,10/30,217,Blocked,Malware Attack
7319adbd-3b96-4451-85ff-30fd0a3ff636,James Anderson,james.anderson504@example.com,+17968457941,577 Main Street,Metro Capital Bank,5500726576866747,10/29,265,Blocked,SQL Injection
8bb72a00-f917-4b74-8eb2-268e88a9c735,Linda Anderson,linda.anderson923@example.com,+11936453495,194 Main Street,Metro Capital Bank,3000620476917286,12/30,717,Active,SQL Injection
7dd12386-b391-4a59-abcb-5a3eff9534f3,Jennifer Brown,jennifer.brown868@example.com,+14589122590,142 Main Street,Global Trust Bank,5500156585442192,02/30,679,Expired,Insider Leak
26fae8bc-cd6c-4775-83eb-99ea9ad240fb,Patricia Harris,patricia.harris220@example.com,+16319749430,955 Main Street,Prime National Bank,4111171272999214,01/28,236,Active,Malware Attack
c1bc0d20-3830-485c-85c0-a5ce6b831ca4,Patricia Brown,patricia.brown271@example.com,+13943844820,713 Main Street,Prime National Bank,5500584304299181,04/27,774,Active,SQL Injection
4a938a5c-668e-4da6-af96-287b5b6ebc4e,Patricia Brown,patricia.brown665@example.com,+10228311325,904 Main Street,Prime National Bank,4111326774247548,05/27,925,Blocked,SQL Injection
8a09dd8a-501a-4c5d-ae93-5b65d1242d62,Patricia Smith,patricia.smith798@example.com,+17905832744,686 Main Street,Prime National Bank,5500937990161225,01/30,859,Active,SQL Injection
5a565e53-7dc5-4cba-98eb-c48efd1f95ed,William Johnson,william.johnson699@example.com,+12027366718,885 Main Street,Global Trust Bank,5500408222530322,08/26,570,Active,SQL Injection
0d905c06-7690-41b9-953c-aaa5650d38a1,Michael Thomas,michael.thomas920@example.com,+17595853641,273 Main Street,Unity Finance,4111590887146181,06/29,409,Blocked,Malware Attack
b96712bd-28d3-4733-9f00-37bec5a96f53,Elizabeth Thomas,elizabeth.thomas703@example.com,+17096398759,126 Main Street,Unity Finance,3400738976175897,02/30,673,Active,Phishing
a4ff1ee5-49ed-4fb5-98be-55e43ba755f7,John Thomas,john.thomas176@example.com,+14836405938,825 Main Street,Metro Capital Bank,3000505961519520,11/29,662,Expired,Phishing
1d923ea9-49ce-4be2-b039-094207e10ca8,Jennifer Mwangi,jennifer.mwangi332@example.com,+10650217744,599 Main Street,Metro Capital Bank,3000618525030527,01/27,526,Blocked,Insider Leak
14cdc8a4-7c75-4678-b2d2-efa126add862,Michael Brown,michael.brown495@example.com,+18992702053,740 Main Street,Global Trust Bank,5500547861542794,10/26,438,Blocked,Phishing
cf082e32-41fa-44ae-8696-70f8bbe7c05a,James Thomas,james.thomas515@example.com,+12518588114,349 Main Street,Global Trust Bank,4111939268015147,02/27,647,Active,Malware Attack
767a025d-7412-4f1f-b517-e9c486ef1eb8,Robert Anderson,robert.anderson117@example.com,+12729610344,729 Main Street,Global Trust Bank,3400446334413950,07/28,688,Blocked,Insider Leak
1c50bd39-2324-4e1a-9fa6-c406b1f5721e,Michael Anderson,michael.anderson513@example.com,+18263254946,136 Main Street,Global Trust Bank,3000503692593963,06/27,360,Blocked,Insider Leak
a68cd59e-5a0a-4769-90eb-43aa3b644ab3,Mary Mwangi,mary.mwangi642@example.com,+19580035859,625 Main Street,Metro Capital Bank,5500257423028560,08/29,776,Blocked,Phishing
81bb4f5d-9ae1-4ce4-85dc-720ab16747d3,Elizabeth Jackson,elizabeth.jackson164@example.com,+12059727350,507 Main Street,Global Trust Bank,3400911334392553,11/29,889,Expired,Malware Attack
f1daaac3-ba35-4435-8d1d-11861117f855,Jennifer Brown,jennifer.brown690@example.com,+16290111965,406 Main Street,Global Trust Bank,5500686699683096,01/28,497,Active,Malware Attack
dff76c45-d850-4579-9aa2-bd3d75d26b21,William Mwangi,william.mwangi147@example.com,+13310740920,877 Main Street,Global Trust Bank,4111211285393912,11/27,513,Active,Insider Leak
17f4bb84-c04e-423e-ac74-56aa199a0ca0,Jennifer Taylor,jennifer.taylor213@example.com,+10194178030,173 Main Street,Metro Capital Bank,3000464965174534,10/30,345,Expired,Insider Leak
8348224d-cadf-48c9-bcb9-47cd56bdf089,Elizabeth Mwangi,elizabeth.mwangi260@example.com,+11214987481,191 Main Street,Unity Finance,4111984205681708,04/29,599,Expired,Insider Leak
974ba964-f8e7-45ee-85a9-9950e0bf2301,Jennifer White,jennifer.white744@example.com,+15491816301,355 Main Street,Prime National Bank,5500780887328501,06/28,738,Expired,SQL Injection
edede2e0-5c89-47e6-8640-f7899cf889ac,Mary Jackson,mary.jackson608@example.com,+17295954805,885 Main Street,Global Trust Bank,3000699091014696,06/26,954,Expired,Insider Leak
20f4168e-edb7-490b-99c8-112a3921d6bf,Robert Thomas,robert.thomas408@example.com,+18161522073,314 Main Street,Prime National Bank,5500111330769121,03/28,238,Active,Phishing
35edfd29-dd7d-419a-bfda-34b28f6295cb,Elizabeth Thomas,elizabeth.thomas298@example.com,+10171486433,667 Main Street,Global Trust Bank,3000371628205095,03/28,689,Expired,Malware Attack
c2e62857-88c9-4780-ac55-c09064ced1b8,William Johnson,william.johnson761@example.com,+15458583157,140 Main Street,Prime National Bank,3400250714252890,02/28,754,Blocked,Insider Leak
9b48ef09-60ad-497f-a02c-aa7e199d2c62,Linda Harris,linda.harris464@example.com,+15910855688,283 Main Street,Global Trust Bank,3000433547399349,07/29,233,Blocked,Malware Attack
f3da339e-85bc-4d60-88d9-356047b7607d,John Johnson,john.johnson8@example.com,+17995223729,274 Main Street,Metro Capital Bank,3000539625115198,07/29,627,Active,Insider Leak
513d4acf-6552-4733-a2fa-82cc9b6107d3,Elizabeth Anderson,elizabeth.anderson36@example.com,+16658548371,956 Main Street,Metro Capital Bank,3400160110615755,02/28,119,Blocked,SQL Injection
950ab2f5-a0fb-48d7-8084-557a7f1a8a7c,John Mwangi,john.mwangi409@example.com,+16921335645,588 Main Street,Global Trust Bank,3400690610198495,09/30,568,Blocked,Insider Leak
5996e619-047c-4a90-9073-2009a8d55ea7,John Harris,john.harris305@example.com,+15508959991,880 Main Street,Global Trust Bank,5500762941680825,02/26,462,Blocked,Phishing
65c50cf0-f5b8-4729-a6ad-9faf7b7f8745,Patricia Mwangi,patricia.mwangi513@example.com,+16130313253,994 Main Street,Prime National Bank,4111998490809283,11/27,110,Blocked,Insider Leak
bbd9b66f-a534-41a0-8d81-5ebfb73e3728,Elizabeth Jackson,elizabeth.jackson194@example.com,+12643227064,451 Main Street,Unity Finance,4111502953820003,02/27,753,Active,Phishing
bfd0b170-60f1-4d34-9e48-4c2380ea1c5b,Elizabeth Taylor,elizabeth.taylor692@example.com,+17805332382,693 Main Street,Global Trust Bank,4111030687558503,10/29,584,Active,Malware Attack
684f3743-8122-4fbc-a5bc-625768b5e8ad,Robert Harris,robert.harris211@example.com,+15023460305,128 Main Street,Unity Finance,3400916170403941,08/30,233,Active,SQL Injection
96200262-16a2-41a4-868f-743d0c124484,Elizabeth Brown,elizabeth.brown611@example.com,+17192704222,891 Main Street,Prime National Bank,4111552959733187,03/28,194,Expired,Insider Leak
e45a91ad-b827-4e92-8a27-69c028de4160,William Johnson,william.johnson344@example.com,+14523140842,879 Main Street,Global Trust Bank,3000553925426586,12/28,215,Active,Phishing
cf0ea0b7-b3bb-4112-8be2-4a7bcbd6fa29,James Brown,james.brown48@example.com,+11586100624,173 Main Street,Prime National Bank,5500644016221001,01/30,937,Active,Insider Leak
1bd71c90-28a2-4695-ac4e-ca70da090c18,James Anderson,james.anderson281@example.com,+18544932035,798 Main Street,Unity Finance,3000199473379262,03/27,813,Blocked,SQL Injection
156165d2-d243-41f3-9f39-972d63775314,Elizabeth Thomas,elizabeth.thomas117@example.com,+18272577192,857 Main Street,Global Trust Bank,4111847486872389,04/29,184,Blocked,SQL Injection
0b3b0fe0-b8a8-410a-9173-673a7a76c86b,Michael Thomas,michael.thomas37@example.com,+10145350267,805 Main Street,Unity Finance,5500060090335991,08/30,931,Expired,Malware Attack
3019f7f7-5352-4665-88f2-100a133ae9b9,Jennifer Mwangi,jennifer.mwangi697@example.com,+13467192998,528 Main Street,Metro Capital Bank,3400413123541970,02/30,533,Active,Phishing
0e10a86f-01eb-48bf-b2da-bbf3f08338ab,Patricia Taylor,patricia.taylor885@example.com,+14971180224,150 Main Street,Prime National Bank,3000773397690107,10/30,675,Expired,Malware Attack
344be1ff-f954-480c-8d53-aee7788e6429,William Taylor,william.taylor923@example.com,+15496029793,595 Main Street,Global Trust Bank,5500248198653665,03/27,979,Expired,Malware Attack
8071c09d-a9e3-46f1-82d3-4cf07e686fe6,Elizabeth Harris,elizabeth.harris408@example.com,+11645369218,720 Main Street,Unity Finance,5500576737401514,09/29,607,Expired,Phishing
d6bf0da3-d8cd-447f-a15f-e0632cf7d071,Elizabeth Taylor,elizabeth.taylor281@example.com,+11142556682,864 Main Street,Unity Finance,4111758614078942,08/28,913,Blocked,SQL Injection
8735a233-2289-4831-b242-194e25c6e0a1,Patricia Taylor,patricia.taylor756@example.com,+12337312870,934 Main Street,Unity Finance,5500427762493029,12/26,293,Active,Insider Leak
ba85a5c1-f3cc-4857-8de5-2f96811b191d,Mary Jackson,mary.jackson704@example.com,+15906190452,869 Main Street,Unity Finance,5500176897797283,04/27,419,Blocked,Phishing
88bb6c6e-4711-441e-98c3-4d422a5f2297,Robert Mwangi,robert.mwangi128@example.com,+18568437507,984 Main Street,Global Trust Bank,5500005412057214,05/29,834,Expired,SQL Injection
064c8a0f-c7de-44af-bca2-875a4cd7efe1,James Taylor,james.taylor532@example.com,+15666865196,776 Main Street,Metro Capital Bank,5500751484487912,02/28,391,Blocked,Phishing
5b872ee7-7ab0-4974-852f-3476a6a4fc57,Elizabeth Brown,elizabeth.brown391@example.com,+16454444112,728 Main Street,Prime National Bank,3000673987459438,06/26,431,Active,Malware Attack
6654a06b-87e1-4c3f-a8e2-79ba1265afb2,John Jackson,john.jackson864@example.com,+16281152363,987 Main Street,Global Trust Bank,4111416156033418,02/28,237,Expired,SQL Injection
2033aabe-6ada-4997-9ea8-751a05718bc3,Jennifer White,jennifer.white123@example.com,+11029977129,256 Main Street,Unity Finance,4111446344992680,07/30,291,Expired,Phishing
0eac1791-e43e-467d-aef0-0a769a02aab9,William Mwangi,william.mwangi97@example.com,+19801030780,399 Main Street,Prime National Bank,3000396586361051,03/27,501,Blocked,SQL Injection
aabdb157-50b9-4c9f-a2d6-bfd500dfd409,John Johnson,john.johnson227@example.com,+16015377858,717 Main Street,Unity Finance,3400761994793973,07/27,952,Blocked,Insider Leak
5fb04e73-8e29-4a1c-9e23-25c92b0c28f7,Michael White,michael.white388@example.com,+10496161991,523 Main Street,Global Trust Bank,4111290345976356,01/28,229,Active,SQL Injection
6447931b-f286-411d-9195-e0bf55ba2174,Michael Brown,michael.brown888@example.com,+10995672114,172 Main Street,Unity Finance,3000001721021096,06/29,818,Blocked,Phishing
6c001b4f-8f38-4e3b-9623-fd35765b8668,Mary Taylor,mary.taylor498@example.com,+10206516927,691 Main Street,Metro Capital Bank,5500579059640377,11/29,353,Active,Malware Attack
ddd2090e-d846-409a-9148-4c7da88e8085,Linda White,linda.white362@example.com,+19527221491,519 Main Street,Global Trust Bank,3000398399948718,10/29,153,Blocked,Phishing
ddafced4-660f-4825-9556-6ed759589996,Patricia Mwangi,patricia.mwangi874@example.com,+10569294920,774 Main Street,Global Trust Bank,3400785526282181,08/26,649,Active,SQL Injection
13370662-92c2-429a-93ef-9f46a11f984c,John Thomas,john.thomas185@example.com,+13587155702,907 Main Street,Unity Finance,5500008339234903,05/30,486,Expired,Insider Leak
8e10edeb-d792-46c6-80a5-d98600d1cf5c,Mary Johnson,mary.johnson464@example.com,+16600050250,961 Main Street,Global Trust Bank,3000268459559271,03/29,340,Expired,SQL Injection
d0ba7df8-fca2-4c83-a624-253e81221c49,John Jackson,john.jackson485@example.com,+16376451869,878 Main Street,Prime National Bank,4111132970443160,06/30,231,Blocked,Phishing
a994e9d8-cbad-4ba8-b262-4d95db8af5f5,Elizabeth Taylor,elizabeth.taylor959@example.com,+12299088634,171 Main Street,Prime National Bank,4111572696012944,03/30,186,Blocked,SQL Injection
e3b3f7ec-5e68-41c4-b96b-cfaf0ee10cab,Jennifer Brown,jennifer.brown101@example.com,+19916401661,894 Main Street,Metro Capital Bank,5500349110896241,04/29,555,Expired,Insider Leak
b5bc2a0e-80c5-4f6e-9b97-9cc9f96d81be,Linda Thomas,linda.thomas676@example.com,+13137100409,709 Main Street,Metro Capital Bank,3000867545582375,08/30,802,Active,Phishing
25e9b8ba-1e2c-42c7-9d5b-4df83fe902e8,Linda Taylor,linda.taylor471@example.com,+12624574315,144 Main Street,Global Trust Bank,5500481537603206,11/28,295,Active,Insider Leak
9f17edcb-a20e-469d-affa-30c524c26869,John Johnson,john.johnson788@example.com,+10068874226,378 Main Street,Global Trust Bank,5500627324190908,11/28,162,Expired,Malware Attack
460e675f-9cff-4545-9197-a5c2e2b9979e,John White,john.white245@example.com,+10150219466,180 Main Street,Metro Capital Bank,3000561570539763,03/27,967,Blocked,Insider Leak
11301397-6a92-40c7-8ea2-146f998b43aa,William Johnson,william.johnson262@example.com,+16828598696,741 Main Street,Unity Finance,3000461911305147,05/28,843,Expired,Malware Attack
116ec45b-678d-4943-84d7-620c5a8c21fe,John Anderson,john.anderson672@example.com,+16170887636,590 Main Street,Global Trust Bank,4111097909465165,12/30,585,Active,Malware Attack
f65f47cc-a364-4de6-a56f-b4bb2de828b2,William Taylor,william.taylor474@example.com,+12092469553,654 Main Street,Prime National Bank,3400839757707098,07/29,422,Blocked,Malware Attack
6bd171ae-d8c1-4184-a807-327ce0ae8633,Linda Brown,linda.brown479@example.com,+17935352608,817 Main Street,Global Trust Bank,4111121664395953,12/30,960,Active,Malware Attack
dfdc0324-d2a2-408c-8de3-caff155fc03a,Jennifer Harris,jennifer.harris7@example.com,+11978465898,179 Main Street,Metro Capital Bank,3000234456497966,03/30,431,Active,Phishing
e27e8c94-e2ad-41bf-9dad-4d26f7583376,Michael Anderson,michael.anderson590@example.com,+19672620736,993 Main Street,Unity Finance,4111043157739616,07/27,839,Blocked,Phishing
4f791d59-c73a-4137-ba41-04b4499b108e,William Brown,william.brown468@example.com,+16774871791,430 Main Street,Prime National Bank,3000258791582698,05/30,263,Blocked,Malware Attack
50c76980-3fbc-44a7-bec7-444ea5ef099f,Robert Mwangi,robert.mwangi487@example.com,+13442745743,392 Main Street,Unity Finance,4111307280497220,05/28,320,Expired,Insider Leak
b5936038-a74f-4e93-96b0-bc0bc082e3eb,Linda Taylor,linda.taylor765@example.com,+19872263594,255 Main Street,Global Trust Bank,3400651776164736,03/28,678,Expired,Insider Leak
a272a324-3db0-4a42-9f1a-d255596ae085,Linda Johnson,linda.johnson106@example.com,+16960918511,242 Main Street,Global Trust Bank,4111757668179869,01/28,437,Active,Malware Attack
a6c7598a-822e-46a0-b568-a527823a8921,John Thomas,john.thomas322@example.com,+15402351532,963 Main Street,Prime National Bank,5500820733691847,09/30,144,Active,Phishing
e770cf8b-2401-4b2d-877b-3225ae34c3ec,Mary White,mary.white864@example.com,+19495514579,366 Main Street,Prime National Bank,3400721036524718,05/30,115,Expired,Phishing
44d2736d-2a88-496e-8269-f8d182d5b90a,Mary Mwangi,mary.mwangi909@example.com,+14985848451,472 Main Street,Prime National Bank,4111974735065748,11/28,541,Blocked,Phishing
5d455a39-4ccd-4f6e-8a03-f9602bd494b9,Linda Jackson,linda.jackson112@example.com,+17935668412,505 Main Street,Prime National Bank,4111060095160238,05/26,680,Active,SQL Injection
ac5aa4cc-4a77-4b47-9eac-d1a4e8b06fd9,Elizabeth Mwangi,elizabeth.mwangi671@example.com,+11385261324,887 Main Street,Metro Capital Bank,5500081104556724,03/30,635,Expired,SQL Injection
4acc7c7c-f1c9-4415-b3ac-5b72adf4989a,Robert Anderson,robert.anderson915@example.com,+19087280575,967 Main Street,Prime National Bank,4111131823204264,10/26,448,Blocked,Phishing
63170515-39fe-4f95-8be5-292df7e50039,Patricia Brown,patricia.brown991@example.com,+18164998024,417 Main Street,Global Trust Bank,3000848632864511,03/30,233,Active,Insider Leak
72e3d29e-6fec-49d6-bd01-0467519d9002,Patricia Johnson,patricia.johnson646@example.com,+11722065194,998 Main Street,Metro Capital Bank,3000696656529549,03/30,365,Expired,Malware Attack
967b0dc7-4466-40a4-ac61-9248385ddf97,Patricia Brown,patricia.brown414@example.com,+19226241938,990 Main Street,Global Trust Bank,4111904476391086,11/27,351,Expired,Malware Attack
9b8a0662-e813-4e25-9f36-280eebcc66bc,John Harris,john.harris960@example.com,+10991466216,603 Main Street,Metro Capital Bank,3000466626911459,12/26,493,Active,Malware Attack
c0c58aee-90d6-4aa9-8e07-57bde2d8c266,Robert Jackson,robert.jackson483@example.com,+13681590947,926 Main Street,Unity Finance,4111138109997601,10/29,858,Blocked,Phishing
f2a60e50-ec99-4900-bade-f1e463e8f913,Michael Smith,michael.smith225@example.com,+15288923957,404 Main Street,Global Trust Bank,3000573434278890,04/29,567,Active,Insider Leak
98980bea-30d4-456a-8957-aa7c9e2a19d5,Mary Jackson,mary.jackson767@example.com,+16095188416,568 Main Street,Unity Finance,5500848974725320,06/27,173,Expired,Malware Attack
81ea3b14-72da-455c-9709-92c0178961f2,John Brown,john.brown479@example.com,+18023921597,267 Main Street,Global Trust Bank,3000029383490514,12/28,207,Active,Phishing
33cb7e5e-3f24-46b5-bb9a-e415752e6f6c,Robert Mwangi,robert.mwangi996@example.com,+18114030359,786 Main Street,Prime National Bank,5500270342286425,07/27,688,Blocked,SQL Injection
19324204-0e15-4ba3-8db8-95d8f9e1a3d3,Jennifer White,jennifer.white365@example.com,+19018731306,690 Main Street,Unity Finance,4111470637766867,10/29,678,Expired,Malware Attack
18c01181-8d63-48f7-9fb5-42a121f085d3,Michael Johnson,michael.johnson915@example.com,+15560259846,321 Main Street,Unity Finance,5500681723089061,10/29,840,Blocked,Malware Attack
4be3ae11-6143-4839-8982-5028703223e3,Robert Mwangi,robert.mwangi184@example.com,+13693385424,287 Main Street,Unity Finance,3000681373050545,06/26,257,Active,Malware Attack
cd89796a-1357-41cb-a43a-ff84c7826e4b,James White,james.white919@example.com,+17574908052,630 Main Street,Prime National Bank,5500709044410042,05/29,880,Blocked,Insider Leak
0835c5e9-2e3d-43e9-87d4-f1c2a6bfbd2f,James White,james.white176@example.com,+12469566330,627 Main Street,Global Trust Bank,3000189969573424,02/27,718,Expired,SQL Injection
0a5e68d6-e0b2-476c-99f6-c09635e71990,William Harris,william.harris253@example.com,+15075826227,990 Main Street,Metro Capital Bank,4111463685927113,04/30,112,Blocked,SQL Injection
44fec656-7e49-4747-b5a4-306539af6063,John Anderson,john.anderson201@example.com,+17651271275,101 Main Street,Global Trust Bank,3400348245726465,11/28,717,Active,Malware Attack
53164f3f-da18-4068-81c0-9440428de70e,James Jackson,james.jackson921@example.com,+17184075137,283 Main Street,Unity Finance,3400861182477349,07/28,251,Blocked,SQL Injection
4ee2760a-e024-4a44-b824-5c7b31558724,Michael White,michael.white630@example.com,+13593658155,140 Main Street,Prime National Bank,5500436977805871,08/26,989,Active,Insider Leak
a8b73bbb-4b2c-4025-b7c8-66f82e3442ae,Robert Brown,robert.brown129@example.com,+18900026090,861 Main Street,Metro Capital Bank,3400654348104077,08/29,998,Blocked,Phishing
395e7a3c-a1f2-450b-a81d-0db6459a0c0a,Linda Brown,linda.brown400@example.com,+13934794180,184 Main Street,Global Trust Bank,5500486581580165,03/26,903,Expired,Phishing
8abb7cf8-5ef7-4814-b518-443b58e99faa,William Harris,william.harris801@example.com,+18742688499,454 Main Street,Metro Capital Bank,3000396367259793,09/28,254,Blocked,Malware Attack
8359ced7-e109-42bb-bae7-8bee9e617cab,Elizabeth Taylor,elizabeth.taylor922@example.com,+13883953251,989 Main Street,Prime National Bank,5500965411450322,01/29,569,Blocked,Phishing
8250b36e-da81-4c76-b492-4b1828ba2d2b,Mary Thomas,mary.thomas341@example.com,+16726726922,789 Main Street,Prime National Bank,5500047272506881,06/26,456,Expired,Phishing
97d98edb-1cf2-40d7-9462-4bb3ecf33386,Mary Anderson,mary.anderson635@example.com,+17615022473,260 Main Street,Prime National Bank,4111224037049689,10/26,557,Blocked,Malware Attack
83b47b19-41ec-4693-bdfa-db3b8d6937e2,James Smith,james.smith981@example.com,+18054543209,738 Main Street,Unity Finance,4111133596526905,10/29,983,Blocked,Insider Leak
3300968e-3d24-4d14-94ff-f87a9a691290,Mary Harris,mary.harris641@example.com,+13814011347,934 Main Street,Metro Capital Bank,5500791867553273,01/29,595,Blocked,Insider Leak
8c2e6bc3-cba5-46f6-80eb-7a1fabf5cb90,Mary Brown,mary.brown355@example.com,+10923593878,798 Main Street,Global Trust Bank,5500804206509459,09/30,957,Active,Phishing
4e36fe30-e1ba-4f87-8136-bbde1374787e,John Smith,john.smith884@example.com,+19103894855,922 Main Street,Global Trust Bank,3400866002164400,12/28,243,Active,Phishing
85f7e4f4-c0bf-4e78-9483-ad174657bfb4,Patricia Jackson,patricia.jackson574@example.com,+11597062223,384 Main Street,Global Trust Bank,5500852707143739,10/28,217,Active,Malware Attack
483eb604-3dd7-4a2f-976c-0caceda4cede,William Smith,william.smith852@example.com,+15846524329,255 Main Street,Global Trust Bank,5500786317551757,12/30,448,Expired,SQL Injection
f7a6c99b-3252-4769-a4fb-a695b55fb81c,Robert Mwangi,robert.mwangi108@example.com,+10653188971,675 Main Street,Prime National Bank,5500976137360122,08/27,359,Expired,Phishing
45b70cb3-6034-437d-9cf9-806beace89ff,Elizabeth Brown,elizabeth.brown174@example.com,+16931470838,979 Main Street,Unity Finance,4111484729327558,05/27,386,Blocked,Phishing
4c5108e5-6e62-4eb0-a0a7-e5a8624f60e6,Patricia Anderson,patricia.anderson211@example.com,+19225936743,275 Main Street,Unity Finance,3400070541146209,01/29,446,Blocked,Insider Leak
2f633826-7ec6-4575-b210-c3abb9630b37,Jennifer Mwangi,jennifer.mwangi815@example.com,+17553099391,350 Main Street,Global Trust Bank,4111968621444893,01/27,110,Active,Phishing
76c01b1b-8474-4682-bc22-dcc04031076b,Michael Smith,michael.smith910@example.com,+17224351111,485 Main Street,Prime National Bank,3400824171543851,11/30,777,Active,Phishing
9242d4b5-b79b-4949-9c1e-1d3d206db6f6,Linda Smith,linda.smith4@example.com,+12098677653,879 Main Street,Metro Capital Bank,3400465023407124,09/27,653,Expired,Insider Leak
519fea77-4ed4-4b52-acf6-ccdfc2f93b2f,John Johnson,john.johnson918@example.com,+18269629609,737 Main Street,Global Trust Bank,3400707713372183,07/27,997,Blocked,SQL Injection
fbb3dd08-9086-40c8-9262-25dff2df3e41,Jennifer Taylor,jennifer.taylor457@example.com,+11507381156,874 Main Street,Global Trust Bank,3000980179856027,07/30,718,Expired,Insider Leak
02dd931d-2453-4eb6-a5fc-5875616dd1a2,James Brown,james.brown390@example.com,+13488536985,250 Main Street,Metro Capital Bank,3000065706430688,11/29,339,Expired,Malware Attack
59f9607b-013a-477f-b2c2-db3ec3865243,James White,james.white284@example.com,+19863886526,181 Main Street,Global Trust Bank,3400158355177337,08/28,456,Active,Insider Leak
360a2561-aa23-4479-ad51-2b28437ab610,Jennifer White,jennifer.white744@example.com,+16349985887,481 Main Street,Prime National Bank,5500815144739307,09/28,945,Active,SQL Injection
e2bdf5cf-15a2-4e1f-b9ea-72d76b86bfca,Mary Smith,mary.smith995@example.com,+16882219302,615 Main Street,Metro Capital Bank,3000345165238862,03/29,422,Active,Phishing
05dd0ca9-f4c0-48de-8f61-8577ada2e2c9,Mary Taylor,mary.taylor881@example.com,+18197579113,976 Main Street,Unity Finance,5500833058188354,05/30,288,Active,SQL Injection
488fba14-6a14-46fd-a1ce-3a3bac6d8f33,Jennifer Thomas,jennifer.thomas487@example.com,+10750184838,757 Main Street,Prime National Bank,5500885274362017,07/29,627,Blocked,Insider Leak
9b5918d2-8bd9-4b94-888f-56fe7995cb2e,Elizabeth Harris,elizabeth.harris412@example.com,+11921818250,575 Main Street,Global Trust Bank,3000412059960891,12/26,901,Blocked,SQL Injection
0bb1c8a4-3f28-42ed-baf7-220d5b51f5ef,Linda Smith,linda.smith931@example.com,+17539510926,632 Main Street,Metro Capital Bank,3400442693029722,08/26,656,Blocked,Insider Leak
5ad5a998-a231-42b6-b03b-94363d906972,Elizabeth Smith,elizabeth.smith765@example.com,+10258852755,381 Main Street,Unity Finance,5500898975906103,11/29,647,Blocked,Phishing
fceb8faa-0f14-4674-83cc-2925e1ecb944,James Anderson,james.anderson120@example.com,+15742154701,620 Main Street,Metro Capital Bank,5500885307166143,10/28,866,Expired,Insider Leak
002f214c-3899-4260-bef4-1fb32ec89b31,William Thomas,william.thomas596@example.com,+12158220045,582 Main Street,Global Trust Bank,4111843738300715,09/29,209,Blocked,Phishing
f6bfa1e1-9100-4d0b-9b67-fde842988cd5,Linda Anderson,linda.anderson992@example.com,+11920568020,464 Main Street,Unity Finance,3000487013748808,04/29,695,Expired,Insider Leak
282d6ccb-af94-428f-9b38-3c8906b77331,John White,john.white253@example.com,+19498886441,393 Main Street,Prime National Bank,3000878733840524,11/29,491,Blocked,Malware Attack
8542afc0-4fbd-401f-bb19-334fbc0a2bd7,Linda White,linda.white433@example.com,+12293054334,112 Main Street,Prime National Bank,5500074287362268,09/29,486,Active,Malware Attack
9318ae39-e622-45b6-aa3f-cc366e0441f5,Linda Taylor,linda.taylor966@example.com,+12507305873,311 Main Street,Prime National Bank,4111543659309164,03/26,458,Blocked,Phishing
6405b70e-e910-49e6-bee2-c86a61fc0a77,Elizabeth White,elizabeth.white826@example.com,+17456972994,784 Main Street,Prime National Bank,3400783907392489,05/30,976,Active,Insider Leak
ddfae8ed-f0d0-4570-8315-7a4b2e635fea,Patricia White,patricia.white545@example.com,+11952201174,949 Main Street,Prime National Bank,4111797190145365,03/27,303,Blocked,Insider Leak
8142e35c-5516-418a-8006-17eb53af0733,William Thomas,william.thomas280@example.com,+18660489623,935 Main Street,Metro Capital Bank,5500834637946957,12/29,665,Blocked,Phishing
ab7d43f1-f745-4451-a1bc-d16a2d8855e2,Michael Smith,michael.smith177@example.com,+12664094943,536 Main Street,Global Trust Bank,4111276951737756,12/27,447,Expired,Phishing
6667d8fd-8ccf-4ca4-aec8-38ac5aa8b260,Mary Jackson,mary.jackson362@example.com,+17268527244,673 Main Street,Unity Finance,5500050052236255,06/30,555,Active,SQL Injection
fc5d41e7-8ab1-474e-803f-de4f21dff1b2,John Thomas,john.thomas340@example.com,+11187322529,869 Main Street,Global Trust Bank,4111166114693949,06/30,891,Blocked,Phishing
b95e132f-6fc8-4551-8a7f-e9548a5e5c75,Robert Smith,robert.smith427@example.com,+18950703731,499 Main Street,Unity Finance,3400558363235793,01/27,746,Active,SQL Injection
ddd94ce2-4bbf-4c5c-93f2-cec6040a1170,Elizabeth Mwangi,elizabeth.mwangi623@example.com,+16029328278,366 Main Street,Global Trust Bank,5500496857615648,03/30,274,Active,Phishing
ae55bbbf-ab96-42a3-a5e5-71b17929b0b1,Patricia Anderson,patricia.anderson142@example.com,+19161502632,668 Main Street,Unity Finance,3400942918048434,05/28,955,Active,SQL Injection
604e2b80-ab57-40de-abf9-760685748e2e,John Taylor,john.taylor618@example.com,+12880547324,696 Main Street,Metro Capital Bank,5500740841754327,04/26,693,Blocked,Phishing
a4e2c42a-aa6d-498f-8710-f3bc6cff5383,William Johnson,william.johnson513@example.com,+15835147758,815 Main Street,Unity Finance,5500433692010145,11/27,213,Expired,SQL Injection
f36c6b26-bc46-418b-956d-ee03e7633c41,Jennifer Johnson,jennifer.johnson176@example.com,+10378628783,525 Main Street,Unity Finance,3000903761181178,10/29,963,Blocked,Phishing
26327758-712b-4f37-9977-77937b052e99,Linda Smith,linda.smith762@example.com,+13134800066,921 Main Street,Metro Capital Bank,3000920294218030,05/30,214,Blocked,Insider Leak
b34bddc0-8b30-4030-8763-cce43dc8c2b5,Mary Mwangi,mary.mwangi344@example.com,+16721405927,389 Main Street,Metro Capital Bank,4111387178226395,03/27,254,Blocked,Malware Attack
5a0eac1d-ef3f-47b5-a9bc-a48733eb1f49,Patricia Mwangi,patricia.mwangi793@example.com,+13604012433,308 Main Street,Metro Capital Bank,3000305396473040,02/28,419,Expired,Malware Attack
7db5245d-299b-4326-8325-18372adbd84c,Michael White,michael.white415@example.com,+12464710289,191 Main Street,Prime National Bank,4111305318219648,11/30,919,Blocked,Malware Attack
552e7cbf-9aaf-407b-96f9-a8e5c75393ed,Jennifer Thomas,jennifer.thomas220@example.com,+18490987050,832 Main Street,Global Trust Bank,5500731400695175,12/30,983,Blocked,Malware Attack
be1906cc-f2ca-4f9c-98ea-303b5560ece0,Mary Thomas,mary.thomas213@example.com,+14986139723,269 Main Street,Metro Capital Bank,5500655222331493,08/29,408,Active,Malware Attack
f5fd4410-0085-460b-92d9-56debd23676d,William Harris,william.harris177@example.com,+13177425316,300 Main Street,Global Trust Bank,5500881106378430,05/30,948,Expired,Phishing
3dd68a76-5181-48a9-923e-626840ce6c5e,Jennifer Thomas,jennifer.thomas537@example.com,+10014077068,845 Main Street,Prime National Bank,5500441812717797,03/27,693,Blocked,Malware Attack
b8b39c11-d27a-40a3-b371-32e6cd7f7a76,John Smith,john.smith888@example.com,+10118850104,504 Main Street,Metro Capital Bank,3000618785177658,11/29,585,Active,SQL Injection
1390ef5e-0b88-4775-9bfd-6b473f1bc3db,Patricia Thomas,patricia.thomas54@example.com,+14683751246,883 Main Street,Unity Finance,4111393110855761,04/27,709,Expired,Insider Leak
ee8cc6df-8bb4-47c8-ace9-c85f6b571be1,Robert Taylor,robert.taylor991@example.com,+19270700995,986 Main Street,Prime National Bank,4111583267570903,03/27,707,Expired,SQL Injection
58598424-2a8a-4a1e-9214-bf21a4ba15ab,Michael Jackson,michael.jackson160@example.com,+10830304440,615 Main Street,Prime National Bank,5500036030593160,10/27,775,Blocked,SQL Injection
b55255ec-81f5-4c66-998b-688672682c56,Mary Jackson,mary.jackson234@example.com,+14204315509,950 Main Street,Global Trust Bank,5500320257687129,02/28,246,Active,Insider Leak
1daf4f59-61de-4480-8268-b5115dc00bfd,Jennifer Smith,jennifer.smith646@example.com,+18116502867,392 Main Street,Prime National Bank,4111287943094722,05/28,820,Expired,Insider Leak
fae97421-78e0-48f9-af08-cbda5c65db20,William Johnson,william.johnson889@example.com,+11950100551,892 Main Street,Unity Finance,3400426755423228,06/27,519,Blocked,SQL Injection
0bb1f490-6b5d-45b6-93df-a0990d074ed2,William Harris,william.harris414@example.com,+10239361420,896 Main Street,Metro Capital Bank,4111200757817760,02/28,667,Active,SQL Injection
beca69a9-f91b-4e7e-ae09-b239fb4d2373,Elizabeth Brown,elizabeth.brown547@example.com,+17778155786,337 Main Street,Metro Capital Bank,5500975783928979,03/28,646,Blocked,SQL Injection
70819510-eb38-439e-871c-4ab33de58cb9,Linda Mwangi,linda.mwangi911@example.com,+10949205809,290 Main Street,Metro Capital Bank,4111497886232564,03/30,315,Blocked,Phishing
91c60fe3-f93c-4f30-9c04-ff51f312ea03,William Thomas,william.thomas17@example.com,+15345900351,777 Main Street,Metro Capital Bank,3000645361793952,10/26,413,Active,Insider Leak
67be4e7a-65fa-41b0-a7b1-d810b2395e60,James Thomas,james.thomas530@example.com,+15948504494,287 Main Street,Unity Finance,3000961502852369,05/28,823,Blocked,SQL Injection
fc48b806-5493-4967-bd36-f7d853346078,John Thomas,john.thomas930@example.com,+19788700785,500 Main Street,Prime National Bank,4111620443992307,07/26,205,Expired,Malware Attack
ed72ae8f-297f-4053-bc77-423c9fd5ad8c,Mary Taylor,mary.taylor498@example.com,+11579082134,601 Main Street,Global Trust Bank,3000657757024622,03/27,639,Blocked,Phishing
3184263e-a969-4c88-8569-9ee6d33f5db7,John Smith,john.smith318@example.com,+11093963634,950 Main Street,Unity Finance,3000663202241117,05/29,503,Blocked,Malware Attack
1d54997a-6128-4a18-8484-32f9d5fce3a0,Robert Taylor,robert.taylor569@example.com,+16875482830,286 Main Street,Metro Capital Bank,3400715177085761,02/29,692,Active,Phishing
d749baa4-254c-404b-8f0d-fc9b5d027412,James Johnson,james.johnson350@example.com,+13418678123,489 Main Street,Unity Finance,3400830548712860,11/28,149,Active,Malware Attack
461147f4-9a09-4ada-a3c0-1d04bcae79e9,James Johnson,james.johnson142@example.com,+16415383401,800 Main Street,Metro Capital Bank,3400373157526830,11/26,723,Active,SQL Injection
8473cde9-b879-42a9-86ce-e3d99e4fb780,William Thomas,william.thomas773@example.com,+12077060628,290 Main Street,Global Trust Bank,3400822770382828,04/30,612,Blocked,Insider Leak
4e9f9580-e5fd-4e82-b082-f28841d85c5b,John Jackson,john.jackson258@example.com,+10996132931,931 Main Street,Prime National Bank,4111876013256086,02/29,272,Active,SQL Injection
def3ce68-c51f-433e-ac86-b64b921515f2,John Anderson,john.anderson289@example.com,+15123497854,847 Main Street,Prime National Bank,3400500462630263,10/26,644,Expired,SQL Injection
e7b4c04c-80a2-40b8-a9e2-7203eaaa00bb,John Jackson,john.jackson13@example.com,+14043190277,865 Main Street,Prime National Bank,3400796481377149,07/27,205,Expired,Phishing
252795c3-858c-41ee-ad49-7b10b010796c,Robert Thomas,robert.thomas549@example.com,+18483955794,725 Main Street,Prime National Bank,5500292805072599,08/27,263,Expired,SQL Injection
e9bedf3a-7003-46e8-9ed1-eb2a8b409701,William Anderson,william.anderson744@example.com,+13895031264,308 Main Street,Prime National Bank,3000705330312711,10/30,630,Active,Insider Leak
5321ee74-15e2-408e-ab6d-2b029d263bcc,Mary White,mary.white475@example.com,+17623800508,192 Main Street,Unity Finance,3400477764172706,07/26,951,Blocked,Malware Attack
77d79628-58e1-4c96-9ad2-f150820ce170,Elizabeth Anderson,elizabeth.anderson414@example.com,+15637692393,991 Main Street,Unity Finance,3000161039179709,12/29,466,Active,Malware Attack
1c75565d-4e50-4e04-b597-914a1c073327,Jennifer Anderson,jennifer.anderson778@example.com,+17112631256,230 Main Street,Metro Capital Bank,4111124140483817,09/26,582,Active,Insider Leak
e2212c36-97e0-42dd-8085-6ce414d25c30,Robert Taylor,robert.taylor884@example.com,+13911988740,910 Main Street,Global Trust Bank,3400700792422450,06/28,691,Expired,Phishing
c310e749-b6cd-472f-b6e9-a3ab0d953e32,Robert Anderson,robert.anderson874@example.com,+16166907018,300 Main Street,Unity Finance,3000511456762371,11/30,695,Blocked,SQL Injection
7e748c0a-8279-4dae-b097-8aef37f52801,Robert Smith,robert.smith486@example.com,+18042233542,963 Main Street,Metro Capital Bank,3400024086448444,08/29,697,Blocked,Malware Attack
f1d08e5d-d3ae-4605-87c0-8fffd948809e,William White,william.white434@example.com,+15322748685,637 Main Street,Global Trust Bank,4111734829688623,04/28,181,Blocked,Insider Leak
548b3652-a9c9-4f95-aa7f-b4bf85638276,William White,william.white300@example.com,+11782567435,157 Main Street,Prime National Bank,4111184843118445,07/29,248,Blocked,Insider Leak
52400060-22c4-4da1-ba93-88b3c3c802c8,Robert Brown,robert.brown181@example.com,+19443626261,694 Main Street,Metro Capital Bank,5500784212639060,10/28,301,Expired,Insider Leak
98033864-c667-469e-a65f-6ab3b3d58d71,John Harris,john.harris852@example.com,+19922012102,836 Main Street,Prime National Bank,3000813762663348,03/29,908,Expired,SQL Injection
2acdc278-beca-415e-8577-2720ea231862,Mary Thomas,mary.thomas818@example.com,+17796021840,826 Main Street,Global Trust Bank,3000839092047414,08/29,432,Blocked,Phishing
376bfc30-71b0-4006-8c66-5d954b725cf0,Patricia Taylor,patricia.taylor977@example.com,+18220230234,561 Main Street,Metro Capital Bank,5500018500198320,07/29,909,Expired,Phishing
84256e39-87e4-4842-adca-e8d479f290a6,Patricia Jackson,patricia.jackson795@example.com,+10197580822,539 Main Street,Unity Finance,4111795200723723,11/26,932,Expired,Phishing
6335e204-9578-4f0d-a6ca-825c6af52a61,Linda Taylor,linda.taylor124@example.com,+10163937076,941 Main Street,Global Trust Bank,3000890060540640,11/28,778,Blocked,Phishing
595a4923-c84e-43e8-921d-f6a9bc7354dc,Elizabeth Taylor,elizabeth.taylor729@example.com,+12651189576,504 Main Street,Global Trust Bank,5500419314926275,12/29,849,Active,Insider Leak
a87c5aa7-304c-4c51-9445-d53dd31b9f83,James Anderson,james.anderson898@example.com,+16883978048,849 Main Street,Global Trust Bank,5500557230424777,09/29,470,Active,SQL Injection
c4135c9b-dfa9-4cc0-bff1-7e487c00240f,William Anderson,william.anderson410@example.com,+19377493153,721 Main Street,Metro Capital Bank,3000540327264054,01/26,649,Active,Phishing
af0d4e12-9be8-4a54-9288-df36725d8f6a,Michael Thomas,michael.thomas117@example.com,+15231007883,255 Main Street,Global Trust Bank,3400614893315260,07/30,620,Expired,Insider Leak
db201ee5-6af4-4ebf-b0e4-b3b8f5b3bc6a,James Smith,james.smith22@example.com,+14137524895,877 Main Street,Prime National Bank,3400130607562389,06/27,137,Expired,Insider Leak
c6a5a703-60e6-4df4-8e96-0d1cc132d9c2,Elizabeth Jackson,elizabeth.jackson853@example.com,+18394308598,427 Main Street,Metro Capital Bank,4111440005172334,03/29,554,Blocked,SQL Injection
e7cc3cb5-d07a-4b63-ae13-3343867f1d53,Robert Thomas,robert.thomas556@example.com,+11950264114,765 Main Street,Unity Finance,4111778678246260,03/30,491,Expired,Malware Attack
e33e7500-4585-4fee-a61c-637821675c0e,James Thomas,james.thomas757@example.com,+11302547127,423 Main Street,Metro Capital Bank,4111349641601065,04/26,967,Expired,Phishing
b51fa36c-06c7-4660-8886-85dbd284728c,Michael Taylor,michael.taylor547@example.com,+19538531193,838 Main Street,Unity Finance,4111319905871412,08/28,328,Blocked,Malware Attack
654a8a50-9a50-40af-bae6-7e3ce5b239fe,William Brown,william.brown539@example.com,+13100998865,103 Main Street,Global Trust Bank,4111145632401723,08/28,462,Active,Insider Leak
6514d59b-71ba-4b7f-a1d6-d4fd0bb7058d,Michael Taylor,michael.taylor486@example.com,+16007232435,898 Main Street,Global Trust Bank,3400405625776042,07/30,515,Active,Insider Leak
3c494009-2aa2-4281-8071-de6bee0e8331,James Johnson,james.johnson759@example.com,+16535468038,861 Main Street,Unity Finance,3400932214061347,04/30,214,Blocked,Insider Leak
85048753-e902-45fd-a66d-c6b19b58bfa5,Patricia Taylor,patricia.taylor170@example.com,+19216214057,405 Main Street,Global Trust Bank,3400020375233243,12/26,670,Active,SQL Injection
405a98ee-5b0f-4e18-bfd0-d0d8eb3e1bb5,Elizabeth Brown,elizabeth.brown747@example.com,+15182949099,581 Main Street,Unity Finance,5500803116609863,12/28,420,Blocked,Malware Attack
17f84372-94ef-435d-baa7-aebf42aa595d,Mary White,mary.white763@example.com,+16312100206,676 Main Street,Prime National Bank,4111353440970137,01/26,541,Blocked,SQL Injection
a53cf9ac-7ddd-4716-9231-07c9d700dab0,Robert Smith,robert.smith471@example.com,+10287628946,882 Main Street,Unity Finance,3000506680092082,07/29,976,Active,Phishing
c65aeaf0-5701-4cb8-89d2-20b6287cfd7c,Michael Harris,michael.harris836@example.com,+13142992776,563 Main Street,Unity Finance,3000065653490977,07/26,832,Active,Phishing
b5671b32-d7d8-41e6-b553-b5bc51c4e38f,Jennifer Thomas,jennifer.thomas993@example.com,+18610473342,637 Main Street,Global Trust Bank,3000198796823851,08/26,813,Blocked,Malware Attack
24811149-9f45-45e1-b907-2c1837a7c5bf,James Harris,james.harris946@example.com,+16218488122,116 Main Street,Global Trust Bank,4111597011811910,02/28,901,Blocked,Insider Leak
def8f2f9-52f4-4300-a2fa-dcad71a018ce,Linda Mwangi,linda.mwangi187@example.com,+12266660894,543 Main Street,Unity Finance,3000174663963348,07/29,800,Expired,Malware Attack
b1169580-fc3a-4588-8524-6bf82c029345,Robert Smith,robert.smith633@example.com,+16014854901,559 Main Street,Unity Finance,3000032528184095,02/28,386,Active,SQL Injection
af181ddb-de60-42a8-b203-acb59aee977d,Patricia Brown,patricia.brown881@example.com,+15887755142,900 Main Street,Unity Finance,3400826962659600,07/26,375,Active,SQL Injection
2f8d3757-3a5a-452a-ae09-5f63fa06a825,Linda Brown,linda.brown784@example.com,+13273796899,177 Main Street,Unity Finance,4111622930355474,04/29,215,Expired,SQL Injection
551b7851-9aa8-4928-a145-5dcd37aee193,Patricia Mwangi,patricia.mwangi13@example.com,+19308041144,871 Main Street,Unity Finance,3400916307072486,08/29,680,Blocked,Insider Leak
d08d762a-4a65-4861-8b17-0b5a59abb615,Elizabeth White,elizabeth.white135@example.com,+16189188391,394 Main Street,Prime National Bank,4111571327338745,08/26,772,Active,Insider Leak
1ed47a60-5e54-4d7f-a19b-45a23f66fe7d,James Anderson,james.anderson908@example.com,+11961942979,396 Main Street,Metro Capital Bank,3400877494305922,04/29,343,Active,Malware Attack
50db74e7-a52c-48e8-b257-ffa386454545,William Mwangi,william.mwangi66@example.com,+17906863666,751 Main Street,Global Trust Bank,5500210934842933,09/28,740,Active,Malware Attack
1b7c2f00-86d7-4087-8597-9d8021e4f49c,William Thomas,william.thomas428@example.com,+16752663794,991 Main Street,Prime National Bank,3000980416823345,11/27,423,Expired,SQL Injection
fa48c6e4-612f-4079-9d1b-eb62bfe01bb6,Linda Mwangi,linda.mwangi816@example.com,+14103077516,384 Main Street,Metro Capital Bank,4111219975296618,02/28,720,Expired,Phishing
e9272153-9924-4778-a844-b26e394e18d6,Linda Mwangi,linda.mwangi198@example.com,+11915635023,488 Main Street,Metro Capital Bank,3000766677800486,07/28,773,Active,Malware Attack
1aa570fa-4d14-490c-9a39-8b14d9a2b66b,John Mwangi,john.mwangi316@example.com,+18210832528,172 Main Street,Unity Finance,4111015679901752,12/27,402,Active,Phishing
03104066-ec00-489d-bf65-ec66ff2f4d47,Patricia Anderson,patricia.anderson845@example.com,+16439318141,291 Main Street,Prime National Bank,4111065843388766,02/27,340,Active,Phishing
9fef7f92-f893-4913-bbf2-466d0f1da0e1,Robert Harris,robert.harris640@example.com,+17718981845,985 Main Street,Unity Finance,4111866850511579,09/29,641,Blocked,Malware Attack
089a7da2-ad81-42de-8473-296d40dc694e,William Johnson,william.johnson110@example.com,+15928346855,686 Main Street,Unity Finance,4111547381139027,07/26,524,Active,Malware Attack
f93ab3f4-06e1-4e8c-b28b-3a689186456b,Jennifer Brown,jennifer.brown854@example.com,+16587791156,693 Main Street,Prime National Bank,3000334782149897,05/29,372,Active,SQL Injection
4d477d8f-4c88-493d-830f-a3627130b322,Elizabeth Mwangi,elizabeth.mwangi421@example.com,+18483313164,189 Main Street,Global Trust Bank,3400403090492935,08/27,198,Expired,Phishing
b7348bf3-2e41-412d-9068-472ba3a1a9bc,Elizabeth Smith,elizabeth.smith402@example.com,+15534835636,312 Main Street,Prime National Bank,4111200032452701,03/30,394,Expired,Malware Attack
7689146d-fa04-45ef-8b4d-575e865b11f3,Mary Jackson,mary.jackson45@example.com,+11915382182,361 Main Street,Global Trust Bank,4111291676574731,03/29,381,Blocked,Insider Leak
11e6a69d-1b3c-4c10-88d0-c771c10c5c5a,Mary Mwangi,mary.mwangi953@example.com,+17448489418,860 Main Street,Global Trust Bank,5500468283177168,12/27,120,Blocked,SQL Injection
5ac6e566-6f1a-41e4-b0e8-bbd5df4c888c,John Harris,john.harris482@example.com,+10027191086,794 Main Street,Unity Finance,3400460533283818,11/29,557,Expired,Phishing
91de9f5b-8040-498a-9296-0038e8b24277,Michael Thomas,michael.thomas961@example.com,+18115002469,528 Main Street,Global Trust Bank,3400158182977081,01/27,627,Blocked,Insider Leak
5a561904-4742-47ae-a831-d9447d13f31c,James Harris,james.harris995@example.com,+19983876709,374 Main Street,Prime National Bank,5500460660913245,02/27,157,Active,Insider Leak
d001adf3-425c-414f-95a1-92f6185d0367,William Brown,william.brown511@example.com,+11315887227,905 Main Street,Unity Finance,5500651401056425,10/27,372,Active,Malware Attack
f55ada05-d940-4af2-8235-5bdffba0ab31,Michael White,michael.white787@example.com,+13725580424,463 Main Street,Metro Capital Bank,3400489114914355,07/30,383,Blocked,Malware Attack
d0156668-e229-464b-a45f-c050ca341dd1,Patricia Jackson,patricia.jackson370@example.com,+15298108744,993 Main Street,Global Trust Bank,3000510111943451,08/30,788,Expired,SQL Injection
0475dd94-376d-4814-9f40-4afb99db189e,William Thomas,william.thomas953@example.com,+10366171031,527 Main Street,Prime National Bank,3000929579301716,04/28,455,Expired,Malware Attack
1c906d9a-7621-47cf-92d3-76f8fcd15f4d,James Harris,james.harris602@example.com,+10690634019,615 Main Street,Metro Capital Bank,3400581187691247,03/26,810,Active,Phishing
fad55f74-cbd6-4a26-b42a-f3e4f7490786,William Mwangi,william.mwangi356@example.com,+13580389532,569 Main Street,Global Trust Bank,3400190134808067,03/29,790,Active,SQL Injection
5ac0d0dd-6876-4836-a327-745cf546febb,Patricia Johnson,patricia.johnson198@example.com,+14731987388,880 Main Street,Unity Finance,4111689611883917,06/27,784,Active,SQL Injection
03549336-7921-444a-a152-4ebeb1065097,Michael Brown,michael.brown494@example.com,+14024874518,942 Main Street,Unity Finance,3400759545519465,03/29,298,Expired,Malware Attack
19915946-44d2-4dfc-be70-579a0dcdd82f,Patricia Taylor,patricia.taylor130@example.com,+17084714448,281 Main Street,Unity Finance,4111278695191261,11/27,470,Expired,Malware Attack
88a3f439-f3d4-4ba5-905a-a566f20e77de,Patricia Jackson,patricia.jackson377@example.com,+18652496360,267 Main Street,Unity Finance,3000506289728668,08/30,874,Blocked,Malware Attack
632cf2be-3004-463b-ab15-f3d2a8d13f2d,Elizabeth Brown,elizabeth.brown882@example.com,+19015925768,747 Main Street,Metro Capital Bank,3400224059490242,10/27,747,Active,Phishing
bd579413-6c7e-4023-879c-e7de702b3ae1,Jennifer Brown,jennifer.brown124@example.com,+16736291259,591 Main Street,Metro Capital Bank,3400470456149611,09/26,558,Expired,Malware Attack
f3929e40-64e9-458e-bd57-5abea8181c19,William Jackson,william.jackson618@example.com,+11898893455,178 Main Street,Global Trust Bank,3400975205610229,11/29,973,Blocked,Phishing
66e3b756-e2b0-43a9-aee9-33912d5424d4,Mary Mwangi,mary.mwangi971@example.com,+19102258170,326 Main Street,Unity Finance,4111635097674779,06/28,909,Blocked,Malware Attack
79698062-53ba-4f26-b7df-39591473940b,Mary Mwangi,mary.mwangi87@example.com,+11640382015,567 Main Street,Metro Capital Bank,4111590684122854,01/26,522,Blocked,Malware Attack
2d01d604-bd9f-43c5-89c0-20d5719f3406,John Anderson,john.anderson545@example.com,+13522784479,205 Main Street,Metro Capital Bank,3400423395018950,09/30,579,Blocked,Malware Attack
6b5435d7-63b8-43af-822d-e60dabc59d9b,William Mwangi,william.mwangi749@example.com,+15444177919,691 Main Street,Unity Finance,5500740210089989,11/28,495,Active,Phishing
de6752c3-669d-405c-8dd9-4b562507acc2,Robert Taylor,robert.taylor918@example.com,+17823619919,820 Main Street,Global Trust Bank,4111532496769397,11/30,568,Blocked,Phishing
e58e267e-5dd1-49b8-bce0-2439678fc294,Jennifer Thomas,jennifer.thomas198@example.com,+12312450327,689 Main Street,Metro Capital Bank,4111626450987210,08/28,452,Expired,Phishing
6ed691b7-21b0-47fd-9d5b-2843eca94109,John Mwangi,john.mwangi891@example.com,+17849823497,177 Main Street,Metro Capital Bank,4111135830217285,02/28,471,Active,Malware Attack
47b16573-2b20-492f-98ae-917b3dd33796,Linda Jackson,linda.jackson121@example.com,+11973408488,375 Main Street,Unity Finance,4111975392157171,10/29,808,Active,Malware Attack
317ec7d8-7383-48e6-9068-c074fd3b043d,John Brown,john.brown300@example.com,+18126951077,512 Main Street,Prime National Bank,5500828471520475,05/27,156,Expired,Phishing
56645384-cef2-40e0-8667-8e7f7ab6ba91,William Jackson,william.jackson475@example.com,+12859848591,736 Main Street,Global Trust Bank,3000336857951521,02/26,268,Active,Malware Attack
059bfa5d-a82b-4053-ab6f-bf91667407ee,James Jackson,james.jackson414@example.com,+15094861703,621 Main Street,Metro Capital Bank,4111729037664831,11/29,440,Blocked,Phishing
270568e5-9418-43d6-baf3-50cfb5dd9b8d,Mary Anderson,mary.anderson464@example.com,+16824429150,315 Main Street,Metro Capital Bank,4111365371838633,10/27,349,Blocked,SQL Injection
45423ee0-be7c-4062-a6ec-fad2a66f2f37,Robert Brown,robert.brown685@example.com,+18987032674,209 Main Street,Global Trust Bank,3000054464582383,01/28,779,Blocked,SQL Injection
bb815bdd-f248-4603-9638-c777476e16fa,Linda Harris,linda.harris90@example.com,+12922519029,825 Main Street,Metro Capital Bank,5500303755025525,01/26,957,Blocked,Malware Attack
5975f4a3-1d79-40d4-8a1c-a5e102ff714f,Mary Thomas,mary.thomas269@example.com,+14698020510,287 Main Street,Metro Capital Bank,3000108566300729,09/28,792,Expired,Malware Attack
2ffa3072-ec96-44d8-93d8-fb72ce357828,James White,james.white995@example.com,+18472757774,482 Main Street,Prime National Bank,4111842012261265,06/26,871,Expired,Malware Attack
725fabe7-d4d0-485d-9e81-40211426b74c,Patricia Jackson,patricia.jackson967@example.com,+15664853189,767 Main Street,Metro Capital Bank,5500501137238639,11/30,349,Active,Malware Attack
11743c5f-3964-4ed6-a6b2-6edcd6bbe899,Jennifer Anderson,jennifer.anderson2@example.com,+18299809498,360 Main Street,Global Trust Bank,5500365580385543,09/30,610,Expired,SQL Injection
209b1880-e858-4572-bba4-06e37cdeb466,Mary White,mary.white275@example.com,+10270475523,115 Main Street,Global Trust Bank,5500878037919572,03/26,200,Expired,SQL Injection
0ab497d5-1879-434f-9d79-305b971a9237,Linda Taylor,linda.taylor994@example.com,+17898422710,178 Main Street,Global Trust Bank,3000857616671337,10/28,638,Blocked,Insider Leak
4a92753d-5164-47ae-98e0-2ad2db086726,Mary Thomas,mary.thomas578@example.com,+15829854617,897 Main Street,Unity Finance,4111166900803236,07/28,461,Blocked,Malware Attack
6fa77da0-9086-46e8-ab22-62ce95a7870a,Linda Thomas,linda.thomas989@example.com,+17979187748,411 Main Street,Metro Capital Bank,4111545375508361,12/30,385,Expired,Malware Attack
1d420aa7-a69d-4fa3-9eb7-f12b60d34e4b,Jennifer Johnson,jennifer.johnson187@example.com,+12459623079,258 Main Street,Unity Finance,3400613284069663,02/29,165,Active,SQL Injection
ca2ae133-901b-47d6-8ebe-9bbc4e60451c,Robert Johnson,robert.johnson40@example.com,+15764600068,369 Main Street,Global Trust Bank,3400457980186895,08/27,586,Blocked,Phishing
fd279926-44f0-44e8-8524-16c0ab330a81,John Taylor,john.taylor341@example.com,+10924168469,793 Main Street,Global Trust Bank,3400091267078152,03/26,485,Blocked,Malware Attack
d4e1f8a3-9f67-4e1c-8f2e-c278af5fe6c4,Patricia White,patricia.white319@example.com,+12547901546,928 Main Street,Unity Finance,3000893514469574,07/29,147,Expired,Phishing
e8beabcc-86f9-4e75-9e5a-5a6ce246d582,Robert Thomas,robert.thomas946@example.com,+13192341051,152 Main Street,Unity Finance,5500903455240260,09/28,291,Expired,Phishing
46f3de9e-f307-4cb3-8ac4-78f76ea34e26,Linda White,linda.white205@example.com,+17459034521,602 Main Street,Global Trust Bank,3000452287627985,05/27,749,Active,Malware Attack
474be66c-63a8-4be7-a5f7-3097252aadc0,Patricia Smith,patricia.smith335@example.com,+18010439569,361 Main Street,Metro Capital Bank,4111763790499259,02/27,387,Expired,Phishing
931b4077-ca3a-44a4-a9c0-3eb149424321,Elizabeth Thomas,elizabeth.thomas506@example.com,+15717613933,935 Main Street,Metro Capital Bank,4111550494795148,12/30,500,Expired,SQL Injection
ac8ce026-09d8-476b-bdab-8ba8c301bef6,Jennifer Brown,jennifer.brown378@example.com,+13007328546,897 Main Street,Metro Capital Bank,4111360771578502,02/26,529,Blocked,Phishing
cd67ee4c-87b8-4064-9579-80560dc97dea,Patricia Harris,patricia.harris378@example.com,+18908756768,597 Main Street,Metro Capital Bank,3000961806457970,03/29,861,Active,Insider Leak
d5bb0858-2224-4b41-a686-c60f6baf072c,Jennifer Smith,jennifer.smith692@example.com,+19900072226,335 Main Street,Global Trust Bank,3400661125130003,03/27,456,Expired,SQL Injection
6553c9f4-b7d0-403e-acae-287f5cc4926a,John Harris,john.harris534@example.com,+10621460234,643 Main Street,Global Trust Bank,5500881310038612,08/26,610,Active,Malware Attack
3f967ce1-5208-49f5-accb-48b5015edc84,Jennifer Jackson,jennifer.jackson466@example.com,+15565158646,178 Main Street,Global Trust Bank,5500776802372430,04/28,751,Expired,Insider Leak
386f9826-198b-4372-aa25-8ea3798f425e,Elizabeth Smith,elizabeth.smith269@example.com,+14636430721,570 Main Street,Metro Capital Bank,3000102672876344,08/28,367,Blocked,Malware Attack
678363c1-cb1e-4637-8878-eebef9b606ea,John Thomas,john.thomas184@example.com,+14959380186,777 Main Street,Unity Finance,4111235708661092,04/26,840,Active,Malware Attack
56640ead-efa0-44d0-a542-2fd3da0db0b5,Linda Brown,linda.brown407@example.com,+12079471788,546 Main Street,Global Trust Bank,4111487312532431,11/28,997,Blocked,SQL Injection
9ca4fa85-d86c-4290-8290-85d0e5614dba,John Smith,john.smith614@example.com,+12801041206,537 Main Street,Metro Capital Bank,4111590028965670,03/30,339,Expired,Insider Leak
2a17d49c-7459-4b0b-8180-cbe4f556a9f1,John Johnson,john.johnson565@example.com,+15266120085,848 Main Street,Global Trust Bank,4111416972891753,05/29,471,Blocked,Insider Leak
0fd243cb-9a0b-4278-b4c8-63acefb7e92b,Jennifer Mwangi,jennifer.mwangi274@example.com,+19691284018,268 Main Street,Metro Capital Bank,5500048088325762,09/27,840,Active,SQL Injection
9b05634d-1187-4b89-aad8-83cdd58213ad,Mary Harris,mary.harris767@example.com,+11714674729,371 Main Street,Metro Capital Bank,3000114270161646,09/27,680,Active,Insider Leak
b5f0d2cc-9395-405b-b377-c2cb6352285f,Jennifer Jackson,jennifer.jackson194@example.com,+16389630643,445 Main Street,Metro Capital Bank,4111839357303171,12/29,427,Blocked,Insider Leak
0596e6f9-0326-48fa-97a2-ad31f82d8dba,Robert White,robert.white188@example.com,+17560699327,120 Main Street,Prime National Bank,5500265880920689,01/28,899,Blocked,Insider Leak
0311b932-3c0f-48d4-9a34-5776838f994c,Elizabeth Taylor,elizabeth.taylor537@example.com,+16149263300,940 Main Street,Global Trust Bank,4111753418717703,01/29,355,Blocked,Phishing
3dff825f-c5f4-4775-9065-d7d6f2e6ca3e,Patricia Johnson,patricia.johnson539@example.com,+17480097105,888 Main Street,Metro Capital Bank,3400120908959752,05/28,870,Blocked,Phishing
c7b7f75d-f48b-436d-b874-31fe346b9999,Jennifer Thomas,jennifer.thomas420@example.com,+14316617731,732 Main Street,Global Trust Bank,4111217429225833,11/30,934,Expired,Insider Leak
945ad7f5-6da3-4c43-8420-86bacdfc2c58,Jennifer Brown,jennifer.brown232@example.com,+11531085328,583 Main Street,Global Trust Bank,4111149156440587,01/26,931,Expired,SQL Injection
a0016cc1-f7e1-4fec-9fbe-e8ae4ef2f7c3,Mary Harris,mary.harris854@example.com,+14448902000,569 Main Street,Global Trust Bank,3400666497497137,03/28,802,Expired,Phishing
b37ecdf4-9975-4704-82b7-fb3542f575cb,Patricia Anderson,patricia.anderson113@example.com,+19949029300,856 Main Street,Prime National Bank,3400522870028251,02/28,989,Expired,Insider Leak
f86c618c-adfd-4c5c-b36b-97f923fba562,William Thomas,william.thomas327@example.com,+16827732247,173 Main Street,Global Trust Bank,5500069713114984,09/27,992,Expired,Malware Attack
45d2b12a-b79f-41ef-9755-9b2e8ba831a0,Michael Mwangi,michael.mwangi903@example.com,+13187794409,687 Main Street,Prime National Bank,5500717634834525,04/26,434,Active,SQL Injection
da150cf4-ea6a-4879-9dd5-8049bdb3dc5e,John Smith,john.smith823@example.com,+14189543517,377 Main Street,Global Trust Bank,3000647696872757,05/30,473,Blocked,SQL Injection
a899aafe-5cb6-4865-9694-312d499ff0e8,Mary Anderson,mary.anderson889@example.com,+10865680921,183 Main Street,Unity Finance,5500805134584222,04/26,622,Expired,SQL Injection
8904b767-52d0-4622-a00e-d0c18a12fa14,Patricia Jackson,patricia.jackson411@example.com,+17989803433,215 Main Street,Global Trust Bank,5500275773431599,08/29,597,Expired,Phishing
d65dfdeb-7065-416e-92ac-0bf8c036bbde,Elizabeth Anderson,elizabeth.anderson274@example.com,+15091854089,203 Main Street,Unity Finance,3000783449786885,11/28,537,Expired,Malware Attack
55eb0c49-b146-403c-a08d-1a98ca3d9f9d,James Mwangi,james.mwangi839@example.com,+11891775240,722 Main Street,Unity Finance,5500691047188645,02/29,779,Blocked,Insider Leak
d6ecdabf-93c0-4888-9ca4-ebda6ca355fe,Linda Harris,linda.harris984@example.com,+16071827885,479 Main Street,Global Trust Bank,5500924515969711,01/27,258,Blocked,Phishing
197c8855-d2d2-4792-95ca-6ff76752395d,Michael Jackson,michael.jackson791@example.com,+17818744248,646 Main Street,Global Trust Bank,5500420389918972,11/26,192,Active,Phishing
da496804-7563-4017-8bbf-0f348777f4b1,Michael Thomas,michael.thomas699@example.com,+17545797491,461 Main Street,Unity Finance,3000645246758976,09/29,444,Active,SQL Injection
08d93026-6c6c-41a3-841b-655af4a84d01,Robert Smith,robert.smith657@example.com,+11791961327,435 Main Street,Prime National Bank,3400195073013358,03/26,125,Active,SQL Injection
75626b5c-edaa-4635-8ea7-226e24560b09,Patricia Mwangi,patricia.mwangi577@example.com,+10696096843,579 Main Street,Prime National Bank,5500795329923233,02/26,122,Blocked,Phishing
d6d70650-4648-44bb-803d-0c51622c5be0,Linda Harris,linda.harris596@example.com,+14918370146,545 Main Street,Metro Capital Bank,3000178866075023,06/30,885,Blocked,Phishing
31eac506-56dd-440e-b07c-247863ea9dbb,John Jackson,john.jackson987@example.com,+14478094149,505 Main Street,Prime National Bank,5500265260495100,03/29,888,Blocked,Phishing
61a06510-506b-4055-a229-d9585cbcac54,Michael Anderson,michael.anderson535@example.com,+19432592573,251 Main Street,Prime National Bank,3000930816499987,10/30,660,Active,Malware Attack
35f67166-fef5-4d87-b45a-9999b3d2a18d,Patricia Anderson,patricia.anderson658@example.com,+11265172367,324 Main Street,Global Trust Bank,3000389470511811,01/26,264,Active,Phishing
b4fa7c65-db7e-4f2e-b39d-0acbff232ce2,Patricia Jackson,patricia.jackson141@example.com,+12554283151,370 Main Street,Global Trust Bank,3400549880663588,08/28,733,Active,Malware Attack
be733b67-5aa0-4f31-99eb-ff0561a0ad97,Elizabeth White,elizabeth.white931@example.com,+11448669951,202 Main Street,Prime National Bank,4111921937328809,08/28,301,Active,Malware Attack
974d9c1b-570b-49c4-a1e2-af9c6ff2f045,Jennifer Taylor,jennifer.taylor946@example.com,+15441156840,812 Main Street,Unity Finance,3400906412154994,04/26,725,Active,SQL Injection
ca0bb83c-8a57-4d34-beea-4407c05f579b,Robert Brown,robert.brown429@example.com,+12693808368,905 Main Street,Global Trust Bank,5500300005605761,12/30,932,Active,SQL Injection
83c13108-86d1-4306-acc8-3c7a48d61e9b,Linda Brown,linda.brown540@example.com,+15690576705,418 Main Street,Prime National Bank,3400300991942808,07/29,144,Expired,SQL Injection
882f6c08-b344-42c0-b16d-dc60f1b35dd8,Robert White,robert.white297@example.com,+15726718130,602 Main Street,Global Trust Bank,3400486606095591,12/27,373,Blocked,Malware Attack
f4d37bd9-b683-442f-946c-552113ebc5d6,Michael Jackson,michael.jackson111@example.com,+13415523256,468 Main Street,Unity Finance,5500849586284481,12/28,157,Active,Malware Attack
d594613b-ca08-44cf-b16c-08c8cc6e823e,Michael Johnson,michael.johnson217@example.com,+14769075351,168 Main Street,Unity Finance,3400231361341214,06/26,700,Blocked,Phishing
7a094fa9-87ee-4df5-b7d7-5b1959905929,Michael Anderson,michael.anderson918@example.com,+12314097313,651 Main Street,Unity Finance,4111063488764135,06/30,208,Active,Insider Leak
ecb1b3e6-6e3c-443d-a98b-2cdc873ccf5a,John Taylor,john.taylor223@example.com,+17530021767,509 Main Street,Unity Finance,4111266799872134,08/26,314,Active,Malware Attack
6b28174b-da80-45c4-b28a-b3174d03b33f,James Anderson,james.anderson582@example.com,+13605465201,195 Main Street,Metro Capital Bank,3400595336398653,07/29,745,Expired,Phishing
80c8b839-2da5-4249-a686-bdb869169559,Patricia Jackson,patricia.jackson658@example.com,+10728527877,913 Main Street,Unity Finance,5500182292850640,05/28,205,Expired,Phishing
7e928486-474e-40b2-8ac4-991a1cf36147,Elizabeth Smith,elizabeth.smith942@example.com,+12790373346,816 Main Street,Prime National Bank,5500890554680841,05/29,656,Expired,Phishing
55ae4a35-eac8-4553-bd78-5a98f00f09c9,James Thomas,james.thomas607@example.com,+13627026861,153 Main Street,Prime National Bank,3000071239947171,08/29,144,Expired,SQL Injection
8042f602-a917-432f-8b73-10afe2d95c9c,John Thomas,john.thomas530@example.com,+10699656599,184 Main Street,Global Trust Bank,3400334196071775,05/28,511,Blocked,Malware Attack
85db3a4c-d830-43d3-96be-3c8dedcade11,Jennifer Thomas,jennifer.thomas753@example.com,+16363253416,366 Main Street,Metro Capital Bank,4111537919388288,10/26,729,Active,Phishing
13b85ad9-e249-4a40-858b-3be0cd733007,James Smith,james.smith978@example.com,+19930072677,499 Main Street,Prime National Bank,3400672482368961,12/27,266,Blocked,Malware Attack
2f0643c7-37f4-4653-a29c-68a5664248ae,Elizabeth Anderson,elizabeth.anderson678@example.com,+12292069297,868 Main Street,Prime National Bank,3000689483605564,05/29,911,Active,SQL Injection
d709805a-3342-46a0-bb27-41fcf5696fa8,Jennifer Thomas,jennifer.thomas482@example.com,+16170252645,324 Main Street,Prime National Bank,3400216119391205,05/30,986,Expired,Insider Leak
516961fd-8362-4d3b-9e7c-cdf6648764ed,Patricia White,patricia.white279@example.com,+17623874763,918 Main Street,Global Trust Bank,4111984832926972,11/26,432,Blocked,Malware Attack
2fa6d987-8380-4e4f-b7fc-9ba1ffaf8c12,John Harris,john.harris427@example.com,+11621784133,677 Main Street,Metro Capital Bank,3400175378878445,08/28,376,Expired,Phishing
f64553b8-09f8-423b-84ef-d3669487e3c5,Robert White,robert.white342@example.com,+16230069031,525 Main Street,Metro Capital Bank,3000958274191164,01/27,706,Active,Malware Attack
bb2b73b3-88d1-4a44-bcb8-15d0fbe545fb,Patricia Thomas,patricia.thomas256@example.com,+11709896053,325 Main Street,Metro Capital Bank,4111207519484324,12/30,720,Expired,Phishing
ffc69257-08ef-4b7c-8f78-bb5a8ac1963f,James Johnson,james.johnson336@example.com,+13994603582,355 Main Street,Metro Capital Bank,3400896648051755,08/29,726,Active,Phishing
52cd26c1-2132-4212-9529-aafdd8236664,Mary Smith,mary.smith727@example.com,+17188406866,279 Main Street,Prime National Bank,3400046431471376,06/27,201,Blocked,SQL Injection
5b6b38d8-c27f-463d-81f7-87fc2d102b5a,John Taylor,john.taylor296@example.com,+12384048781,293 Main Street,Global Trust Bank,3400970207631293,02/29,647,Expired,SQL Injection
8e1d49f2-b883-48df-bf3d-f170978bf53b,Michael Harris,michael.harris125@example.com,+15064861238,335 Main Street,Unity Finance,4111724371001855,10/29,166,Blocked,SQL Injection
b84f9a10-1699-4c0b-8bdd-198f054f8de7,William Thomas,william.thomas194@example.com,+17352956759,671 Main Street,Global Trust Bank,3400824530276573,04/28,627,Expired,Phishing
7dca3f3f-f554-47d1-a180-6b7a25d6af0b,Patricia Anderson,patricia.anderson537@example.com,+17011814427,271 Main Street,Prime National Bank,3400807125151986,11/28,141,Expired,Phishing
06d49cdc-3924-44d0-9fff-64209459a9d7,Mary Harris,mary.harris781@example.com,+15246580788,399 Main Street,Prime National Bank,3400339216294975,10/30,891,Expired,Malware Attack
95484e75-9e6f-4b6e-9761-4a872b964ac7,Elizabeth Brown,elizabeth.brown388@example.com,+15364135445,945 Main Street,Unity Finance,3400695374459164,02/27,941,Expired,Insider Leak
a62653a3-fea7-4c1f-accb-db157b26f36a,Patricia Mwangi,patricia.mwangi238@example.com,+11655459465,944 Main Street,Global Trust Bank,4111085365941915,08/27,809,Blocked,Malware Attack
99726cc3-37fe-458c-a6e6-9dfa4fd70f72,Jennifer Harris,jennifer.harris522@example.com,+14711419081,633 Main Street,Unity Finance,3000507444142002,11/26,470,Active,SQL Injection
645560c7-53d3-4b15-92e4-b7962bd5355e,James Anderson,james.anderson611@example.com,+18482664364,737 Main Street,Unity Finance,5500966560885165,11/29,878,Expired,Phishing
1cd2e555-322f-4d3e-afe3-7b9ba02269c1,Michael Johnson,michael.johnson627@example.com,+13767715280,408 Main Street,Unity Finance,4111371106302292,10/26,582,Expired,Phishing
caa968d8-117f-44e4-a7dd-74588ab9b330,William White,william.white366@example.com,+18800565390,792 Main Street,Metro Capital Bank,3000199198066255,12/30,372,Blocked,SQL Injection
43099296-a528-4b26-99ca-48253335c82e,Patricia Johnson,patricia.johnson241@example.com,+17553462119,280 Main Street,Global Trust Bank,3400718874809613,09/26,347,Active,Phishing
2b671626-9500-4282-a62e-6da88752c386,James Mwangi,james.mwangi543@example.com,+12859862215,588 Main Street,Global Trust Bank,5500079222817322,03/29,931,Expired,SQL Injection
751d3327-5d75-49bf-b9f1-8299c702dcea,Robert Harris,robert.harris650@example.com,+16753325011,979 Main Street,Prime National Bank,3000308815309968,02/29,481,Expired,SQL Injection
fd73d622-730e-4f80-8fa4-8c97c5ef03a9,Jennifer Smith,jennifer.smith231@example.com,+15106787890,151 Main Street,Global Trust Bank,5500799871338786,03/30,171,Blocked,Insider Leak
6caf168f-9a60-4fbb-bf11-98d1279aa165,Patricia Thomas,patricia.thomas171@example.com,+14277376113,611 Main Street,Unity Finance,5500224930339085,03/29,611,Blocked,SQL Injection
bc08d755-db24-4394-b807-780d7997a5ad,Jennifer Thomas,jennifer.thomas127@example.com,+16942598858,644 Main Street,Prime National Bank,5500790698236444,12/28,177,Active,Phishing
14e135ab-983b-4826-a645-f315585bc1b0,William Taylor,william.taylor375@example.com,+14910713105,846 Main Street,Metro Capital Bank,3000446040229522,09/27,660,Active,SQL Injection
a99f2898-95e3-4d0d-bbac-fe0e77a11a0e,Patricia Thomas,patricia.thomas484@example.com,+12157835175,865 Main Street,Global Trust Bank,4111317283840779,03/28,716,Expired,Phishing
02ca7df3-ffe6-4c57-bb74-0d93e35a8500,Jennifer Brown,jennifer.brown712@example.com,+11146794687,232 Main Street,Prime National Bank,3000646859240528,10/30,511,Blocked,SQL Injection
3a44f41b-0f66-4086-9444-8084fe7d8ab8,Elizabeth Mwangi,elizabeth.mwangi603@example.com,+12275779697,781 Main Street,Global Trust Bank,4111121520777346,01/29,634,Blocked,Malware Attack
33ab8428-2913-4f70-a12e-987b9b247d4e,Linda Mwangi,linda.mwangi689@example.com,+19226603985,988 Main Street,Metro Capital Bank,3000182688550568,04/27,203,Blocked,Insider Leak
59bd61c3-08b0-446c-94b4-7e16a351fbc3,William Mwangi,william.mwangi444@example.com,+17053685877,615 Main Street,Metro Capital Bank,3400076694036474,05/28,759,Expired,Malware Attack
90495115-c1ac-48bb-b495-b81c461a31a9,Elizabeth Brown,elizabeth.brown354@example.com,+13023548823,278 Main Street,Unity Finance,5500640372185286,07/30,643,Expired,Malware Attack
1210da4d-6c8e-445a-a81d-82a2028b8fc1,Mary White,mary.white444@example.com,+15644522649,775 Main Street,Metro Capital Bank,3400189492386521,10/26,126,Active,Phishing
64f2b146-cfe4-4b5f-ab1c-67b5c7720529,James Thomas,james.thomas112@example.com,+17386091402,464 Main Street,Unity Finance,3000519023091592,02/30,913,Expired,Phishing
c929003d-e71b-43b4-86b4-82a32316ecb0,Linda Jackson,linda.jackson475@example.com,+19451676257,178 Main Street,Metro Capital Bank,3000412033756574,01/29,964,Blocked,Malware Attack
ff8afc6f-3ad1-4bed-8700-3bddea2a41f9,James Taylor,james.taylor130@example.com,+11985033399,700 Main Street,Prime National Bank,3400639936198858,02/27,606,Expired,Malware Attack
e70e30c6-8efb-41a5-876f-5ba37fbae5bd,William Jackson,william.jackson859@example.com,+19787686167,949 Main Street,Metro Capital Bank,3000158716676364,07/29,831,Blocked,SQL Injection
8ca65fed-3264-49c8-ab77-3ae71d7e02fe,John Mwangi,john.mwangi478@example.com,+12603164305,589 Main Street,Metro Capital Bank,4111614195209845,02/29,876,Active,Insider Leak
d718d55f-3ead-4ec9-9b57-e73247fc6fc9,Jennifer Smith,jennifer.smith647@example.com,+16415966179,996 Main Street,Unity Finance,3400816504449458,01/30,852,Active,Phishing
03d425ef-0f6e-4499-93a0-b35fae3068c9,Mary Brown,mary.brown130@example.com,+15390079404,475 Main Street,Unity Finance,4111542252691783,11/27,140,Blocked,Malware Attack
7dcfc4e9-751c-44f1-8dcb-c2bac0e4f8b2,Patricia Brown,patricia.brown304@example.com,+19050681185,562 Main Street,Global Trust Bank,4111389548263509,03/27,889,Blocked,Insider Leak
b1eb4c80-2b2b-4094-82a0-8e28c464c90b,Jennifer Johnson,jennifer.johnson196@example.com,+14369461503,156 Main Street,Metro Capital Bank,4111092457487545,04/30,921,Active,Phishing
8b307686-418a-49de-b82f-790ac5dda30b,John Mwangi,john.mwangi379@example.com,+11816936926,115 Main Street,Global Trust Bank,4111450106366986,05/27,427,Expired,Phishing
9f6d8a27-6a2f-45f9-8bfb-7b2354d5d0d7,Jennifer Anderson,jennifer.anderson819@example.com,+11987899771,696 Main Street,Metro Capital Bank,3000570698057992,04/27,699,Active,Phishing
f3fb98f3-5ab8-4508-9252-3e3b235af881,Michael Mwangi,michael.mwangi705@example.com,+13884677643,532 Main Street,Unity Finance,3000711109120583,08/26,543,Active,SQL Injection
0712d8f2-1ecf-450f-803b-62ad9d97b13e,Patricia Brown,patricia.brown171@example.com,+18377617081,300 Main Street,Unity Finance,3000274309174545,02/27,630,Active,Insider Leak
88a108a7-ed98-42b4-84be-64c5b3de6985,Elizabeth Smith,elizabeth.smith984@example.com,+17885003214,519 Main Street,Metro Capital Bank,3400275163765354,09/30,119,Blocked,Malware Attack
84eb6c42-87bc-4227-9f72-701702f6db8e,Mary Taylor,mary.taylor431@example.com,+19265905912,476 Main Street,Prime National Bank,3000173927597360,03/30,916,Active,Phishing
9ff4afa8-9a52-4b0e-b585-d94c9d277166,Michael Thomas,michael.thomas277@example.com,+13326374308,340 Main Street,Prime National Bank,3400715768935072,07/29,269,Expired,Malware Attack
095e92f4-4643-4d0f-a892-8ee40ccd2da6,Jennifer Taylor,jennifer.taylor825@example.com,+15779650765,618 Main Street,Metro Capital Bank,3400432685272358,09/26,976,Blocked,Phishing
422e8798-30dd-4601-93d1-2797d2556dab,Jennifer Johnson,jennifer.johnson377@example.com,+18837755719,945 Main Street,Metro Capital Bank,3000717442245533,01/30,283,Blocked,Phishing
c945f5a2-a5f1-4b88-80b5-270d9c889f9c,Robert Smith,robert.smith350@example.com,+10545933725,122 Main Street,Unity Finance,4111222347277084,05/26,945,Active,SQL Injection
c10ab804-60c9-43c8-a992-5d871ccf8089,Patricia Johnson,patricia.johnson935@example.com,+17828868236,469 Main Street,Prime National Bank,3400665587138670,10/28,746,Active,Phishing
a21fb1eb-5ab6-4a41-a02e-c2c8cca63e77,John Johnson,john.johnson423@example.com,+10337072283,695 Main Street,Metro Capital Bank,3000245429603769,03/27,285,Active,Insider Leak
e87b88ea-bb32-4f95-b520-476657e477d8,William Jackson,william.jackson233@example.com,+17773120550,754 Main Street,Prime National Bank,3000298259662037,09/28,936,Blocked,Malware Attack
7cd8362a-fa98-4069-88f7-1f255b80eb91,James Jackson,james.jackson357@example.com,+11051816641,695 Main Street,Unity Finance,3000107666775926,06/26,856,Active,Insider Leak
789011d4-62ed-4d8c-bcff-783e10355e57,Robert White,robert.white766@example.com,+15202784074,164 Main Street,Unity Finance,3000896567791089,12/26,977,Expired,Malware Attack
cb2c4dd2-4130-4848-b70f-eb3c7b139051,Michael Anderson,michael.anderson587@example.com,+11730893624,767 Main Street,Metro Capital Bank,5500530625546074,10/26,283,Expired,Insider Leak
856c4e15-d779-4208-8292-c539b5e32327,Elizabeth Smith,elizabeth.smith543@example.com,+18826441054,330 Main Street,Unity Finance,3000877972783006,07/26,714,Active,SQL Injection
edfc1493-2d1c-4fcd-ab51-9cb5b6a66022,Jennifer Taylor,jennifer.taylor557@example.com,+17314509157,254 Main Street,Global Trust Bank,5500391974800285,12/26,778,Active,Malware Attack
e0e20a3b-2491-4418-befe-acd6ec3d09e0,Robert Jackson,robert.jackson104@example.com,+17734232045,310 Main Street,Unity Finance,3400467313252113,11/27,826,Expired,Malware Attack
e91abbc4-64e8-4852-84c4-dedcdaf80e38,Linda Smith,linda.smith262@example.com,+16925637973,964 Main Street,Prime National Bank,5500593027356893,06/27,292,Active,Malware Attack
b0b7e6c6-fe6a-4eb3-9e32-021b5ff8c03f,Linda White,linda.white973@example.com,+11474237400,357 Main Street,Prime National Bank,3400491552980672,11/29,344,Blocked,Phishing
9ef75efe-d030-4f57-87b5-7d3ed075df36,John Anderson,john.anderson618@example.com,+14725534037,841 Main Street,Global Trust Bank,5500679151190410,12/27,465,Active,Phishing
f542084a-5d66-4704-88a5-1b979889ef9b,Robert Smith,robert.smith271@example.com,+19783298012,714 Main Street,Metro Capital Bank,3000531447005053,08/28,795,Blocked,Phishing
316df000-e897-49c9-a6ed-4d970f6c98b8,James Taylor,james.taylor52@example.com,+18685462319,779 Main Street,Prime National Bank,3400326754184161,11/27,487,Blocked,Malware Attack
27568307-a2bb-4ed9-beff-6536cf0b91d8,James Anderson,james.anderson463@example.com,+15629109914,478 Main Street,Prime National Bank,3400535729994419,01/27,528,Blocked,Malware Attack
f4f6cc88-8931-4018-b360-bd84c27cc53b,Jennifer Anderson,jennifer.anderson74@example.com,+11186197910,537 Main Street,Metro Capital Bank,4111101425720374,05/27,974,Expired,Malware Attack
653d210e-f482-4518-a5f1-fc61c7738c23,Linda Taylor,linda.taylor724@example.com,+19522240151,358 Main Street,Global Trust Bank,4111093559220441,03/28,134,Active,Malware Attack
3d408a07-846e-48db-a863-c194f290fb8c,Michael Jackson,michael.jackson779@example.com,+14064267853,410 Main Street,Metro Capital Bank,5500233365435286,09/30,911,Active,Malware Attack
06c1c760-929a-4e36-a805-90b957a0f126,John Taylor,john.taylor893@example.com,+10060304500,174 Main Street,Unity Finance,4111319691699218,02/30,408,Blocked,Phishing
343919af-dd7f-4c07-aa6a-be66e9295a63,Patricia Brown,patricia.brown689@example.com,+16033600760,806 Main Street,Unity Finance,4111265797799815,06/30,928,Expired,SQL Injection
b4da5904-355f-4829-91c4-d145d79accc2,Linda Johnson,linda.johnson549@example.com,+13288445517,409 Main Street,Unity Finance,5500186876712692,01/28,481,Blocked,SQL Injection
d2329bde-1e25-4e41-92dc-23514a965e61,Mary White,mary.white943@example.com,+19115991103,147 Main Street,Unity Finance,3400500605340227,03/28,669,Active,Malware Attack
f420d302-ec2f-4f8f-955c-829b3f5aee7a,Elizabeth Mwangi,elizabeth.mwangi865@example.com,+10624191511,441 Main Street,Prime National Bank,5500475144224745,04/30,442,Blocked,Insider Leak
595c458f-94ee-444f-8bfe-2d72c5fef803,William Thomas,william.thomas624@example.com,+14601179770,691 Main Street,Prime National Bank,4111450439712701,05/30,117,Blocked,SQL Injection
8c5b73bb-0d2c-4f2b-a14d-1834de1c99db,Linda Jackson,linda.jackson239@example.com,+15383051114,986 Main Street,Prime National Bank,4111997512376081,09/28,953,Expired,Insider Leak
4879a955-68cf-4ae0-8bcd-e8e8382ee527,John Anderson,john.anderson937@example.com,+14063911295,507 Main Street,Metro Capital Bank,3400290244731802,02/27,987,Active,SQL Injection
f5204a69-50d0-4a20-8db7-3079d7bd34c5,Mary Anderson,mary.anderson950@example.com,+16505219470,168 Main Street,Prime National Bank,3400794040232388,01/28,716,Blocked,Malware Attack
3f11a18f-7bfc-4c2d-8a4f-c1838c23094c,Robert Jackson,robert.jackson167@example.com,+11003633462,550 Main Street,Prime National Bank,3000195328637657,08/30,303,Blocked,Phishing
fb723d38-bfed-43ee-a411-675156312736,Michael Harris,michael.harris751@example.com,+12238131644,949 Main Street,Unity Finance,4111966136470245,05/27,678,Blocked,SQL Injection
6e21fb2c-9259-4619-9d0e-57ba4468f019,Mary Brown,mary.brown198@example.com,+12595566051,631 Main Street,Unity Finance,5500624585515119,02/28,629,Expired,Phishing
525d5b58-404e-4db6-aa1d-9951676bba1d,Mary Thomas,mary.thomas729@example.com,+18873313070,839 Main Street,Metro Capital Bank,3400343086544215,07/29,472,Active,Malware Attack
4d7260ae-45fe-48ea-a79b-d0ba48737bbe,Mary Jackson,mary.jackson500@example.com,+18401250372,485 Main Street,Metro Capital Bank,4111224334211667,08/28,260,Active,Malware Attack
1040d0f1-1c04-4fef-8e8b-5acc9404fd93,Jennifer Anderson,jennifer.anderson975@example.com,+13585414404,829 Main Street,Unity Finance,3000322115655898,12/27,679,Active,Malware Attack
2069b289-6445-4ff8-a2bf-9a75629261b4,Robert White,robert.white468@example.com,+14926708978,850 Main Street,Unity Finance,4111357066945347,02/27,746,Expired,Phishing
2eb96ddc-fc76-4ae1-bf43-b1e7ab2e8a23,James Thomas,james.thomas228@example.com,+18207358048,186 Main Street,Prime National Bank,4111926608900408,12/28,703,Active,SQL Injection
8798ad50-f38a-4447-aac9-f2d4053824ea,William Johnson,william.johnson281@example.com,+12507540391,995 Main Street,Prime National Bank,4111739792430034,06/29,714,Active,Malware Attack
227f1a75-e001-42ac-94e3-21bd6cdae163,Elizabeth Johnson,elizabeth.johnson393@example.com,+11562822892,387 Main Street,Global Trust Bank,3400568664539990,10/29,383,Expired,Phishing
5c57cdd6-6506-4f5c-9c33-b92198651320,Linda Thomas,linda.thomas874@example.com,+12479251170,691 Main Street,Unity Finance,3000393051452495,05/28,414,Blocked,Malware Attack
5e85b283-2aa3-4964-8504-0cb8a90b988b,James Anderson,james.anderson632@example.com,+10214135309,459 Main Street,Global Trust Bank,4111060865960028,03/26,833,Expired,Insider Leak
fd818277-b801-42c4-8cf3-c51192ff97d0,James Jackson,james.jackson655@example.com,+15997220668,383 Main Street,Prime National Bank,3000712794674203,05/28,924,Expired,Malware Attack
024119a5-764a-410a-86ad-0b42fd74a040,Robert Smith,robert.smith939@example.com,+14428395654,914 Main Street,Metro Capital Bank,4111893123210290,05/28,805,Blocked,Phishing
5e6f04df-744f-418c-9ad4-2d68301e4547,Linda Anderson,linda.anderson642@example.com,+11351147597,555 Main Street,Prime National Bank,5500389561668955,11/29,539,Active,Insider Leak
ea9e3c87-5d2c-4032-a142-03444f971e12,Robert Johnson,robert.johnson455@example.com,+13891955508,908 Main Street,Global Trust Bank,3400817464612834,05/28,106,Active,Malware Attack
a1d2ebcd-4b1a-49c4-a59a-21712e1de04a,Linda White,linda.white154@example.com,+18722577454,721 Main Street,Global Trust Bank,5500571612077518,04/29,917,Expired,Phishing
2b51cac5-7d46-4bea-9d9b-859407c37154,Elizabeth Smith,elizabeth.smith619@example.com,+12141210666,684 Main Street,Metro Capital Bank,5500308556851459,12/26,883,Blocked,Malware Attack
bee748d6-ce82-4d72-8663-5087ad7ce483,Michael Thomas,michael.thomas903@example.com,+10100834724,769 Main Street,Unity Finance,4111908579612256,06/27,861,Blocked,Malware Attack
944a1bbd-9923-44fc-8e14-43b218bdc559,James Harris,james.harris194@example.com,+14996475557,259 Main Street,Global Trust Bank,4111707750677517,02/26,161,Blocked,SQL Injection
058d950c-4aa4-4c23-abed-27d559b31870,Patricia Johnson,patricia.johnson673@example.com,+11457996086,186 Main Street,Prime National Bank,3000784036771959,07/28,784,Blocked,SQL Injection
88342afe-c6d5-4b89-a0ef-2f6691338851,Michael Thomas,michael.thomas698@example.com,+13447969611,476 Main Street,Metro Capital Bank,3400630453272087,02/28,759,Expired,Insider Leak
9fb1bbe2-63df-48b0-893c-6a303653ee6a,Linda Jackson,linda.jackson297@example.com,+17363711602,967 Main Street,Global Trust Bank,3000950778232664,12/27,764,Expired,SQL Injection
912bd24e-6196-4cb8-90ab-3276c2290d5b,Robert Harris,robert.harris80@example.com,+18986010393,389 Main Street,Global Trust Bank,5500264216328078,06/30,206,Expired,Malware Attack
cb59a957-7e89-4568-a113-4f70ba1fce62,Michael Taylor,michael.taylor977@example.com,+18122560985,969 Main Street,Prime National Bank,3400251143351379,02/29,380,Active,Insider Leak
4ebd6aa5-5b51-4ba8-ac59-b4440056384f,Robert Harris,robert.harris680@example.com,+17367780688,930 Main Street,Unity Finance,3400135681339697,08/27,729,Expired,Malware Attack
88fb90f1-8d86-4f3a-b027-8aa18568758e,Michael Thomas,michael.thomas610@example.com,+17859220733,178 Main Street,Metro Capital Bank,4111927208445662,10/28,192,Expired,Insider Leak
d3286a95-6744-4c39-bbf9-dbefe756a4f6,Mary White,mary.white241@example.com,+16512709089,874 Main Street,Unity Finance,4111249283124435,02/28,445,Expired,Phishing
